question,option_a,option_b,option_c,option_d,correct,difficulty,category
1 + 4 = ?,5,7,6,4,0,easy,math
2 + 5 = ?,6,9,8,7,3,easy,math
3 + 6 = ?,11,9,10,8,1,easy,math
4 + 7 = ?,12,11,10,13,1,easy,math
5 + 8 = ?,15,14,13,12,2,easy,math
6 + 9 = ?,14,16,15,17,2,easy,math
7 + 10 = ?,17,19,16,18,0,easy,math
8 + 11 = ?,19,21,20,18,0,easy,math
9 + 12 = ?,22,21,20,23,1,easy,math
10 + 13 = ?,22,23,25,24,1,easy,math
11 + 14 = ?,26,25,24,27,1,easy,math
12 + 15 = ?,27,26,29,28,0,easy,math
13 + 16 = ?,29,28,31,30,0,easy,math
14 + 17 = ?,33,31,32,30,1,easy,math
15 + 18 = ?,33,35,32,34,0,easy,math
16 + 19 = ?,34,37,36,35,3,easy,math
17 + 20 = ?,39,38,37,36,2,easy,math
18 + 21 = ?,39,38,40,41,0,easy,math
19 + 22 = ?,42,43,40,41,3,easy,math
20 + 23 = ?,44,43,45,42,1,easy,math
21 + 24 = ?,46,45,47,44,1,easy,math
22 + 25 = ?,49,46,48,47,3,easy,math
23 + 26 = ?,50,48,49,51,2,easy,math
24 + 27 = ?,53,50,52,51,3,easy,math
25 + 28 = ?,53,55,52,54,0,easy,math
26 + 29 = ?,54,56,55,57,2,easy,math
27 + 30 = ?,57,56,59,58,0,easy,math
28 + 31 = ?,59,58,60,61,0,easy,math
29 + 32 = ?,61,63,60,62,0,easy,math
30 + 33 = ?,63,64,62,65,0,easy,math
31 + 34 = ?,67,66,64,65,3,easy,math
32 + 35 = ?,66,69,67,68,2,easy,math
33 + 36 = ?,69,68,71,70,0,easy,math
34 + 37 = ?,73,71,72,70,1,easy,math
35 + 38 = ?,73,75,74,72,0,easy,math
36 + 39 = ?,76,74,75,77,2,easy,math
37 + 40 = ?,79,76,77,78,2,easy,math
38 + 41 = ?,78,81,80,79,3,easy,math
39 + 42 = ?,82,83,81,80,2,easy,math
40 + 43 = ?,85,83,84,82,1,easy,math
41 + 44 = ?,86,84,87,85,3,easy,math
42 + 45 = ?,87,88,89,86,0,easy,math
43 + 46 = ?,91,89,90,88,1,easy,math
44 + 47 = ?,92,93,91,90,2,easy,math
45 + 48 = ?,95,94,93,92,2,easy,math
46 + 49 = ?,95,96,94,97,0,easy,math
47 + 50 = ?,96,97,98,99,1,easy,math
48 + 51 = ?,101,100,99,98,2,easy,math
49 + 52 = ?,100,103,101,102,2,easy,math
50 + 53 = ?,103,105,102,104,0,easy,math
51 + 54 = ?,104,107,105,106,2,easy,math
52 + 55 = ?,106,108,107,109,2,easy,math
53 + 56 = ?,111,109,108,110,1,easy,math
54 + 57 = ?,110,112,113,111,3,easy,math
55 + 58 = ?,112,115,113,114,2,easy,math
56 + 59 = ?,116,115,117,114,1,easy,math
57 + 60 = ?,118,116,119,117,3,easy,math
58 + 61 = ?,121,119,120,118,1,easy,math
59 + 62 = ?,122,120,121,123,2,easy,math
60 + 63 = ?,125,124,122,123,3,easy,math
61 + 64 = ?,126,124,125,127,2,easy,math
62 + 65 = ?,128,127,129,126,1,easy,math
63 + 66 = ?,128,131,130,129,3,easy,math
64 + 67 = ?,132,130,133,131,3,easy,math
65 + 68 = ?,135,134,132,133,3,easy,math
66 + 69 = ?,137,135,134,136,1,easy,math
67 + 70 = ?,139,137,138,136,1,easy,math
68 + 71 = ?,140,139,141,138,1,easy,math
69 + 72 = ?,143,141,142,140,1,easy,math
70 + 73 = ?,142,144,145,143,3,easy,math
71 + 74 = ?,147,146,145,144,2,easy,math
72 + 75 = ?,149,147,146,148,1,easy,math
73 + 76 = ?,150,148,151,149,3,easy,math
74 + 77 = ?,153,152,150,151,3,easy,math
75 + 78 = ?,153,152,154,155,0,easy,math
76 + 79 = ?,156,157,155,154,2,easy,math
77 + 80 = ?,157,156,159,158,0,easy,math
78 + 81 = ?,160,158,161,159,3,easy,math
79 + 82 = ?,163,162,161,160,2,easy,math
80 + 83 = ?,164,163,165,162,1,easy,math
81 + 84 = ?,166,165,164,167,1,easy,math
82 + 85 = ?,168,167,166,169,1,easy,math
83 + 86 = ?,168,169,171,170,1,easy,math
84 + 87 = ?,170,171,172,173,1,easy,math
85 + 88 = ?,175,172,173,174,2,easy,math
86 + 89 = ?,175,176,174,177,0,easy,math
87 + 90 = ?,177,176,179,178,0,easy,math
88 + 91 = ?,178,181,180,179,3,easy,math
89 + 92 = ?,183,180,182,181,3,easy,math
90 + 93 = ?,183,184,185,182,0,easy,math
91 + 94 = ?,184,186,185,187,2,easy,math
92 + 95 = ?,187,189,188,186,0,easy,math
93 + 96 = ?,190,191,189,188,2,easy,math
94 + 97 = ?,193,191,190,192,1,easy,math
95 + 98 = ?,194,193,195,192,1,easy,math
96 + 99 = ?,196,197,195,194,2,easy,math
97 + 100 = ?,197,196,199,198,0,easy,math
98 + 101 = ?,200,198,199,201,2,easy,math
99 + 102 = ?,200,203,202,201,3,easy,math
100 + 103 = ?,205,203,204,202,1,easy,math
11 - 0 = ?,12,13,11,9,2,easy,math
12 - 1 = ?,9,13,11,12,2,easy,math
13 - 2 = ?,9,12,13,11,3,easy,math
14 - 3 = ?,13,12,11,9,2,easy,math
15 - 4 = ?,12,13,11,9,2,easy,math
16 - 5 = ?,13,12,9,11,3,easy,math
17 - 6 = ?,12,9,13,11,3,easy,math
18 - 7 = ?,9,11,13,12,1,easy,math
19 - 8 = ?,11,13,9,12,0,easy,math
20 - 9 = ?,9,11,12,13,1,easy,math
21 - 10 = ?,9,12,11,13,2,easy,math
22 - 11 = ?,12,11,9,13,1,easy,math
23 - 12 = ?,13,12,11,9,2,easy,math
24 - 13 = ?,12,9,13,11,3,easy,math
25 - 14 = ?,9,13,11,12,2,easy,math
26 - 15 = ?,12,11,13,9,1,easy,math
27 - 16 = ?,13,11,9,12,1,easy,math
28 - 17 = ?,11,12,13,9,0,easy,math
29 - 18 = ?,13,11,9,12,1,easy,math
30 - 19 = ?,11,12,13,9,0,easy,math
31 - 20 = ?,9,11,12,13,1,easy,math
32 - 21 = ?,9,12,11,13,2,easy,math
33 - 22 = ?,9,11,12,13,1,easy,math
34 - 23 = ?,13,12,11,9,2,easy,math
35 - 24 = ?,9,11,13,12,1,easy,math
36 - 25 = ?,9,11,12,13,1,easy,math
37 - 26 = ?,9,12,11,13,2,easy,math
38 - 27 = ?,9,13,11,12,2,easy,math
39 - 28 = ?,9,13,11,12,2,easy,math
40 - 29 = ?,13,12,11,9,2,easy,math
41 - 30 = ?,13,11,9,12,1,easy,math
42 - 31 = ?,9,13,12,11,3,easy,math
43 - 32 = ?,13,11,9,12,1,easy,math
44 - 33 = ?,11,12,9,13,0,easy,math
45 - 34 = ?,13,11,12,9,1,easy,math
46 - 35 = ?,13,9,11,12,2,easy,math
47 - 36 = ?,12,11,13,9,1,easy,math
48 - 37 = ?,12,9,11,13,2,easy,math
49 - 38 = ?,11,12,9,13,0,easy,math
50 - 39 = ?,13,9,12,11,3,easy,math
51 - 40 = ?,11,12,13,9,0,easy,math
52 - 41 = ?,13,11,9,12,1,easy,math
53 - 42 = ?,13,11,12,9,1,easy,math
54 - 43 = ?,11,12,9,13,0,easy,math
55 - 44 = ?,11,12,13,9,0,easy,math
56 - 45 = ?,13,11,12,9,1,easy,math
57 - 46 = ?,9,13,12,11,3,easy,math
58 - 47 = ?,12,13,11,9,2,easy,math
59 - 48 = ?,13,9,12,11,3,easy,math
60 - 49 = ?,12,13,9,11,3,easy,math
61 - 50 = ?,9,13,11,12,2,easy,math
62 - 51 = ?,12,11,13,9,1,easy,math
63 - 52 = ?,11,9,13,12,0,easy,math
64 - 53 = ?,13,12,9,11,3,easy,math
65 - 54 = ?,13,12,9,11,3,easy,math
66 - 55 = ?,9,11,12,13,1,easy,math
67 - 56 = ?,11,12,9,13,0,easy,math
68 - 57 = ?,11,13,12,9,0,easy,math
69 - 58 = ?,13,11,9,12,1,easy,math
70 - 59 = ?,9,11,12,13,1,easy,math
71 - 60 = ?,13,11,9,12,1,easy,math
72 - 61 = ?,13,11,12,9,1,easy,math
73 - 62 = ?,13,9,11,12,2,easy,math
74 - 63 = ?,13,12,11,9,2,easy,math
75 - 64 = ?,9,12,13,11,3,easy,math
76 - 65 = ?,13,11,9,12,1,easy,math
77 - 66 = ?,11,13,12,9,0,easy,math
78 - 67 = ?,13,9,12,11,3,easy,math
79 - 68 = ?,9,13,12,11,3,easy,math
80 - 69 = ?,11,9,12,13,0,easy,math
81 - 70 = ?,12,11,9,13,1,easy,math
82 - 71 = ?,13,9,12,11,3,easy,math
83 - 72 = ?,13,9,12,11,3,easy,math
84 - 73 = ?,11,9,12,13,0,easy,math
85 - 74 = ?,11,13,9,12,0,easy,math
2 × 4 = ?,4,12,8,10,2,medium,math
3 × 5 = ?,20,17,15,10,2,medium,math
4 × 6 = ?,18,24,26,30,1,medium,math
5 × 7 = ?,37,28,42,35,3,medium,math
6 × 8 = ?,56,48,50,40,1,medium,math
7 × 9 = ?,65,63,54,72,1,medium,math
8 × 10 = ?,80,90,70,82,0,medium,math
9 × 2 = ?,20,20,18,16,2,medium,math
10 × 3 = ?,33,32,30,27,2,medium,math
11 × 4 = ?,46,48,40,44,3,medium,math
12 × 5 = ?,65,60,55,62,1,medium,math
13 × 6 = ?,72,80,78,84,2,medium,math
14 × 7 = ?,98,100,105,91,0,medium,math
15 × 8 = ?,128,120,122,112,1,medium,math
16 × 9 = ?,146,135,144,153,2,medium,math
17 × 10 = ?,160,180,172,170,3,medium,math
18 × 2 = ?,36,38,34,38,0,medium,math
19 × 3 = ?,57,59,60,54,0,medium,math
20 × 4 = ?,82,76,80,84,2,medium,math
21 × 5 = ?,110,100,105,107,2,medium,math
22 × 6 = ?,126,132,134,138,1,medium,math
23 × 7 = ?,161,154,168,163,0,medium,math
24 × 8 = ?,184,200,192,194,2,medium,math
25 × 9 = ?,225,227,216,234,0,medium,math
26 × 10 = ?,260,270,250,262,0,medium,math
27 × 2 = ?,52,56,56,54,3,medium,math
28 × 3 = ?,87,81,84,86,2,medium,math
29 × 4 = ?,116,120,112,118,0,medium,math
30 × 5 = ?,152,150,155,145,1,medium,math
31 × 6 = ?,192,186,188,180,1,medium,math
32 × 7 = ?,231,226,217,224,3,medium,math
33 × 8 = ?,272,264,266,256,1,medium,math
34 × 9 = ?,297,315,308,306,3,medium,math
35 × 10 = ?,350,360,352,340,0,medium,math
36 × 2 = ?,74,72,74,70,1,medium,math
37 × 3 = ?,108,113,114,111,3,medium,math
38 × 4 = ?,148,152,154,156,1,medium,math
39 × 5 = ?,190,197,195,200,2,medium,math
40 × 6 = ?,246,242,240,234,2,medium,math
41 × 7 = ?,289,287,280,294,1,medium,math
42 × 8 = ?,336,338,328,344,0,medium,math
43 × 9 = ?,396,378,387,389,2,medium,math
44 × 10 = ?,450,442,440,430,2,medium,math
45 × 2 = ?,90,88,92,92,0,medium,math
46 × 3 = ?,135,140,138,141,2,medium,math
47 × 4 = ?,188,190,184,192,0,medium,math
48 × 5 = ?,242,245,235,240,3,medium,math
49 × 6 = ?,300,296,294,288,2,medium,math
50 × 7 = ?,357,352,350,343,2,medium,math
51 × 8 = ?,410,416,408,400,2,medium,math
52 × 9 = ?,477,468,459,470,1,medium,math
53 × 10 = ?,532,520,540,530,3,medium,math
54 × 2 = ?,110,106,108,110,2,medium,math
55 × 3 = ?,165,167,168,162,0,medium,math
56 × 4 = ?,224,226,228,220,0,medium,math
57 × 5 = ?,285,287,280,290,0,medium,math
58 × 6 = ?,348,350,354,342,0,medium,math
59 × 7 = ?,420,413,415,406,1,medium,math
60 × 8 = ?,482,472,480,488,2,medium,math
61 × 9 = ?,551,558,549,540,2,medium,math
62 × 10 = ?,620,610,622,630,0,medium,math
63 × 2 = ?,126,128,128,124,0,medium,math
64 × 3 = ?,192,195,189,194,0,medium,math
65 × 4 = ?,262,256,260,264,2,medium,math
66 × 5 = ?,330,325,332,335,0,medium,math
67 × 6 = ?,408,404,402,396,2,medium,math
68 × 7 = ?,469,476,478,483,1,medium,math
69 × 8 = ?,554,544,552,560,2,medium,math
70 × 9 = ?,630,639,632,621,0,medium,math
71 × 10 = ?,700,710,712,720,1,medium,math
72 × 2 = ?,146,142,144,146,2,medium,math
73 × 3 = ?,222,221,216,219,3,medium,math
74 × 4 = ?,292,296,298,300,1,medium,math
75 × 5 = ?,377,370,375,380,2,medium,math
76 × 6 = ?,462,456,458,450,1,medium,math
Томони 5 бўлган квадратнинг периметри неча?,18,20,24,22,1,medium,math
Томони 6 бўлган квадратнинг периметри неча?,28,26,22,24,3,medium,math
Томони 7 бўлган квадратнинг периметри неча?,30,28,26,32,1,medium,math
Томони 8 бўлган квадратнинг периметри неча?,34,36,30,32,3,medium,math
Томони 9 бўлган квадратнинг периметри неча?,34,40,38,36,3,medium,math
Томони 10 бўлган квадратнинг периметри неча?,44,42,40,38,2,medium,math
Томони 11 бўлган квадратнинг периметри неча?,44,46,42,48,0,medium,math
Томони 12 бўлган квадратнинг периметри неча?,46,52,48,50,2,medium,math
Томони 13 бўлган квадратнинг периметри неча?,54,50,52,56,2,medium,math
Томони 14 бўлган квадратнинг периметри неча?,60,58,54,56,3,medium,math
Томони 15 бўлган квадратнинг периметри неча?,60,58,64,62,0,medium,math
Томони 16 бўлган квадратнинг периметри неча?,66,68,62,64,3,medium,math
Томони 17 бўлган квадратнинг периметри неча?,66,72,68,70,2,medium,math
Томони 18 бўлган квадратнинг периметри неча?,74,70,76,72,3,medium,math
Томони 19 бўлган квадратнинг периметри неча?,78,74,76,80,2,medium,math
Томони 20 бўлган квадратнинг периметри неча?,78,82,84,80,3,medium,math
Томони 21 бўлган квадратнинг периметри неча?,86,82,88,84,3,medium,math
Томони 22 бўлган квадратнинг периметри неча?,88,92,90,86,0,medium,math
Томони 23 бўлган квадратнинг периметри неча?,90,94,96,92,3,medium,math
Томони 24 бўлган квадратнинг периметри неча?,96,94,98,100,0,medium,math
Томони 25 бўлган квадратнинг периметри неча?,102,104,98,100,3,medium,math
Томони 26 бўлган квадратнинг периметри неча?,108,106,102,104,3,medium,math
Томони 27 бўлган квадратнинг периметри неча?,106,110,108,112,2,medium,math
Томони 28 бўлган квадратнинг периметри неча?,110,112,116,114,1,medium,math
Томони 29 бўлган квадратнинг периметри неча?,118,116,114,120,1,medium,math
Томони 30 бўлган квадратнинг периметри неча?,120,124,118,122,0,medium,math
Томони 31 бўлган квадратнинг периметри неча?,124,128,122,126,0,medium,math
Томони 32 бўлган квадратнинг периметри неча?,132,130,126,128,3,medium,math
Томони 33 бўлган квадратнинг периметри неча?,136,132,130,134,1,medium,math
Томони 34 бўлган квадратнинг периметри неча?,136,140,138,134,0,medium,math
Томони 35 бўлган квадратнинг периметри неча?,138,140,144,142,1,medium,math
Томони 36 бўлган квадратнинг периметри неча?,148,144,146,142,1,medium,math
Томони 37 бўлган квадратнинг периметри неча?,150,148,152,146,1,medium,math
Томони 38 бўлган квадратнинг периметри неча?,154,156,152,150,2,medium,math
Томони 39 бўлган квадратнинг периметри неча?,156,154,158,160,0,medium,math
Томони 40 бўлган квадратнинг периметри неча?,158,164,162,160,3,medium,math
Томони 41 бўлган квадратнинг периметри неча?,164,168,162,166,0,medium,math
Томони 42 бўлган квадратнинг периметри неча?,170,166,168,172,2,medium,math
Томони 43 бўлган квадратнинг периметри неча?,176,174,172,170,2,medium,math
Томони 44 бўлган квадратнинг периметри неча?,176,180,178,174,0,medium,math
Томони 45 бўлган квадратнинг периметри неча?,178,180,184,182,1,medium,math
Томони 46 бўлган квадратнинг периметри неча?,182,184,186,188,1,medium,math
Томони 47 бўлган квадратнинг периметри неча?,186,192,190,188,3,medium,math
Томони 48 бўлган квадратнинг периметри неча?,190,196,194,192,3,medium,math
Томони 49 бўлган квадратнинг периметри неча?,200,194,196,198,2,medium,math
Томони 50 бўлган квадратнинг периметри неча?,198,204,200,202,2,medium,math
Томони 51 бўлган квадратнинг периметри неча?,208,206,204,202,2,medium,math
Томони 52 бўлган квадратнинг периметри неча?,206,208,212,210,1,medium,math
Томони 53 бўлган квадратнинг периметри неча?,212,210,214,216,0,medium,math
Томони 54 бўлган квадратнинг периметри неча?,218,220,214,216,3,medium,math
Томони 10 бўлган квадратнинг юзи неча?,110,120,100,90,2,hard,math
Томони 11 бўлган квадратнинг юзи неча?,143,121,132,110,1,hard,math
Томони 12 бўлган квадратнинг юзи неча?,132,144,156,168,1,hard,math
Томони 13 бўлган квадратнинг юзи неча?,195,169,156,182,1,hard,math
Томони 14 бўлган квадратнинг юзи неча?,196,182,224,210,0,hard,math
Томони 15 бўлган квадратнинг юзи неча?,240,255,210,225,3,hard,math
Томони 16 бўлган квадратнинг юзи неча?,256,272,240,288,0,hard,math
Томони 17 бўлган квадратнинг юзи неча?,306,272,323,289,3,hard,math
Томони 18 бўлган квадратнинг юзи неча?,342,324,306,360,1,hard,math
Томони 19 бўлган квадратнинг юзи неча?,399,380,342,361,3,hard,math
Томони 20 бўлган квадратнинг юзи неча?,420,440,400,380,2,hard,math
Томони 21 бўлган квадратнинг юзи неча?,420,483,441,462,2,hard,math
Томони 22 бўлган квадратнинг юзи неча?,506,462,528,484,3,hard,math
Томони 23 бўлган квадратнинг юзи неча?,506,552,575,529,3,hard,math
Томони 24 бўлган квадратнинг юзи неча?,552,624,576,600,2,hard,math
Томони 25 бўлган квадратнинг юзи неча?,600,675,625,650,2,hard,math
Томони 26 бўлган квадратнинг юзи неча?,728,702,676,650,2,hard,math
Томони 27 бўлган квадратнинг юзи неча?,783,756,729,702,2,hard,math
Томони 28 бўлган квадратнинг юзи неча?,812,784,756,840,1,hard,math
Томони 29 бўлган квадратнинг юзи неча?,812,899,870,841,3,hard,math
Томони 30 бўлган квадратнинг юзи неча?,900,960,870,930,0,hard,math
Томони 31 бўлган квадратнинг юзи неча?,1023,930,992,961,3,hard,math
Томони 32 бўлган квадратнинг юзи неча?,1088,992,1056,1024,3,hard,math
Томони 33 бўлган квадратнинг юзи неча?,1155,1056,1122,1089,3,hard,math
Томони 34 бўлган квадратнинг юзи неча?,1190,1122,1224,1156,3,hard,math
Томони 35 бўлган квадратнинг юзи неча?,1225,1190,1295,1260,0,hard,math
Томони 36 бўлган квадратнинг юзи неча?,1260,1332,1368,1296,3,hard,math
Томони 37 бўлган квадратнинг юзи неча?,1369,1406,1332,1443,0,hard,math
Томони 38 бўлган квадратнинг юзи неча?,1520,1482,1406,1444,3,hard,math
Томони 39 бўлган квадратнинг юзи неча?,1599,1560,1482,1521,3,hard,math
Томони 40 бўлган квадратнинг юзи неча?,1640,1560,1680,1600,3,hard,math
Томони 41 бўлган квадратнинг юзи неча?,1681,1640,1763,1722,0,hard,math
Томони 42 бўлган квадратнинг юзи неча?,1722,1848,1806,1764,3,hard,math
Томони 43 бўлган квадратнинг юзи неча?,1849,1806,1892,1935,0,hard,math
Томони 44 бўлган квадратнинг юзи неча?,1980,2024,1936,1892,2,hard,math
Томони 45 бўлган квадратнинг юзи неча?,2115,1980,2070,2025,3,hard,math
Томони 46 бўлган квадратнинг юзи неча?,2070,2116,2162,2208,1,hard,math
Томони 47 бўлган квадратнинг юзи неча?,2162,2256,2209,2303,2,hard,math
Томони 48 бўлган квадратнинг юзи неча?,2256,2304,2352,2400,1,hard,math
Томони 49 бўлган квадратнинг юзи неча?,2401,2352,2499,2450,0,hard,math
Томони 50 бўлган квадратнинг юзи неча?,2500,2600,2550,2450,0,hard,math
Томони 51 бўлган квадратнинг юзи неча?,2601,2703,2550,2652,0,hard,math
Томони 52 бўлган квадратнинг юзи неча?,2756,2808,2652,2704,3,hard,math
Томони 53 бўлган квадратнинг юзи неча?,2809,2756,2862,2915,0,hard,math
Томони 54 бўлган квадратнинг юзи неча?,2970,2862,2916,3024,2,hard,math
Томони 55 бўлган квадратнинг юзи неча?,3080,3135,2970,3025,3,hard,math
Томони 56 бўлган квадратнинг юзи неча?,3080,3192,3248,3136,3,hard,math
Томони 57 бўлган квадратнинг юзи неча?,3306,3192,3249,3363,2,hard,math
Томони 58 бўлган квадратнинг юзи неча?,3422,3306,3364,3480,2,hard,math
Томони 59 бўлган квадратнинг юзи неча?,3481,3540,3422,3599,0,hard,math
"Қаторни давом эттиринг: 2, 4, 6, 8, ?",9,10,11,12,1,easy,logic
"Қаторни давом эттиринг: 3, 6, 9, 12, ?",16,14,17,15,3,easy,logic
"Қаторни давом эттиринг: 1, 4, 9, 16, ?",27,26,24,25,3,easy,logic
"Қаторни давом эттиринг: 2, 4, 8, 16, ?",34,31,33,32,3,easy,logic
"Қаторни давом эттиринг: 2, 4, 6, 8, ?",10,9,12,11,0,easy,logic
"Қаторни давом эттиринг: 3, 6, 9, 12, ?",16,15,17,14,1,easy,logic
"Қаторни давом эттиринг: 1, 4, 9, 16, ?",26,27,25,24,2,easy,logic
"Қаторни давом эттиринг: 2, 4, 8, 16, ?",34,33,32,31,2,easy,logic
"Қаторни давом эттиринг: 2, 4, 6, 8, ?",9,12,11,10,3,easy,logic
"Қаторни давом эттиринг: 3, 6, 9, 12, ?",14,17,15,16,2,easy,logic
"Қаторни давом эттиринг: 1, 4, 9, 16, ?",27,24,25,26,2,easy,logic
"Қаторни давом эттиринг: 2, 4, 8, 16, ?",34,33,31,32,3,easy,logic
"Қаторни давом эттиринг: 2, 4, 6, 8, ?",12,9,10,11,2,easy,logic
"Қаторни давом эттиринг: 3, 6, 9, 12, ?",17,15,16,14,1,easy,logic
"Қаторни давом эттиринг: 1, 4, 9, 16, ?",24,27,26,25,3,easy,logic
"Қаторни давом эттиринг: 2, 4, 8, 16, ?",34,31,32,33,2,easy,logic
"Қаторни давом эттиринг: 2, 4, 6, 8, ?",10,9,11,12,0,easy,logic
"Қаторни давом эттиринг: 3, 6, 9, 12, ?",16,15,17,14,1,easy,logic
"Қаторни давом эттиринг: 1, 4, 9, 16, ?",26,25,27,24,1,easy,logic
"Қаторни давом эттиринг: 2, 4, 8, 16, ?",32,34,31,33,0,easy,logic
"Қаторни давом эттиринг: 2, 4, 6, 8, ?",11,12,9,10,3,easy,logic
"Қаторни давом эттиринг: 3, 6, 9, 12, ?",16,14,15,17,2,easy,logic
"Қаторни давом эттиринг: 1, 4, 9, 16, ?",24,27,26,25,3,easy,logic
"Қаторни давом эттиринг: 2, 4, 8, 16, ?",34,33,32,31,2,easy,logic
"Қаторни давом эттиринг: 2, 4, 6, 8, ?",12,9,11,10,3,easy,logic
"Қаторни давом эттиринг: 3, 6, 9, 12, ?",15,14,17,16,0,easy,logic
"Қаторни давом эттиринг: 1, 4, 9, 16, ?",24,27,26,25,3,easy,logic
"Қаторни давом эттиринг: 2, 4, 8, 16, ?",31,32,33,34,1,easy,logic
"Қаторни давом эттиринг: 2, 4, 6, 8, ?",12,10,9,11,1,easy,logic
"Қаторни давом эттиринг: 3, 6, 9, 12, ?",16,14,15,17,2,easy,logic
"Қаторни давом эттиринг: 1, 4, 9, 16, ?",25,27,26,24,0,easy,logic
"Қаторни давом эттиринг: 2, 4, 8, 16, ?",34,31,33,32,3,easy,logic
"Қаторни давом эттиринг: 2, 4, 6, 8, ?",9,11,12,10,3,easy,logic
"Қаторни давом эттиринг: 3, 6, 9, 12, ?",14,15,17,16,1,easy,logic
"Қаторни давом эттиринг: 1, 4, 9, 16, ?",27,26,24,25,3,easy,logic
"Қаторни давом эттиринг: 2, 4, 8, 16, ?",31,34,33,32,3,easy,logic
"Қаторни давом эттиринг: 2, 4, 6, 8, ?",10,11,9,12,0,easy,logic
"Қаторни давом эттиринг: 3, 6, 9, 12, ?",14,17,15,16,2,easy,logic
"Қаторни давом эттиринг: 1, 4, 9, 16, ?",27,24,25,26,2,easy,logic
"Қаторни давом эттиринг: 2, 4, 8, 16, ?",34,33,31,32,3,easy,logic
"Қаторни давом эттиринг: 2, 4, 6, 8, ?",11,10,12,9,1,medium,logic
"Қаторни давом эттиринг: 3, 6, 9, 12, ?",14,15,16,17,1,medium,logic
"Қаторни давом эттиринг: 1, 4, 9, 16, ?",25,26,24,27,0,medium,logic
"Қаторни давом эттиринг: 2, 4, 8, 16, ?",33,31,34,32,3,medium,logic
"Қаторни давом эттиринг: 2, 4, 6, 8, ?",9,10,11,12,1,medium,logic
"Қаторни давом эттиринг: 3, 6, 9, 12, ?",16,15,17,14,1,medium,logic
"Қаторни давом эттиринг: 1, 4, 9, 16, ?",24,27,25,26,2,medium,logic
"Қаторни давом эттиринг: 2, 4, 8, 16, ?",34,31,32,33,2,medium,logic
"Қаторни давом эттиринг: 2, 4, 6, 8, ?",9,11,10,12,2,medium,logic
"Қаторни давом эттиринг: 3, 6, 9, 12, ?",17,14,16,15,3,medium,logic
"Қаторни давом эттиринг: 1, 4, 9, 16, ?",24,26,25,27,2,medium,logic
"Қаторни давом эттиринг: 2, 4, 8, 16, ?",32,31,33,34,0,medium,logic
"Қаторни давом эттиринг: 2, 4, 6, 8, ?",9,11,12,10,3,medium,logic
"Қаторни давом эттиринг: 3, 6, 9, 12, ?",14,16,17,15,3,medium,logic
"Қаторни давом эттиринг: 1, 4, 9, 16, ?",26,24,27,25,3,medium,logic
"Қаторни давом эттиринг: 2, 4, 8, 16, ?",34,31,33,32,3,medium,logic
"Қаторни давом эттиринг: 2, 4, 6, 8, ?",11,10,12,9,1,medium,logic
"Қаторни давом эттиринг: 3, 6, 9, 12, ?",15,17,16,14,0,medium,logic
"Қаторни давом эттиринг: 1, 4, 9, 16, ?",24,26,27,25,3,medium,logic
"Қаторни давом эттиринг: 2, 4, 8, 16, ?",34,31,33,32,3,medium,logic
"Қаторни давом эттиринг: 2, 4, 6, 8, ?",11,10,9,12,1,medium,logic
"Қаторни давом эттиринг: 3, 6, 9, 12, ?",17,15,14,16,1,medium,logic
"Қаторни давом эттиринг: 1, 4, 9, 16, ?",27,24,26,25,3,medium,logic
"Қаторни давом эттиринг: 2, 4, 8, 16, ?",32,33,31,34,0,medium,logic
"Қаторни давом эттиринг: 2, 4, 6, 8, ?",10,9,11,12,0,medium,logic
"Қаторни давом эттиринг: 3, 6, 9, 12, ?",16,17,14,15,3,medium,logic
"Қаторни давом эттиринг: 1, 4, 9, 16, ?",27,26,25,24,2,medium,logic
"Қаторни давом эттиринг: 2, 4, 8, 16, ?",34,32,31,33,1,medium,logic
"Қаторни давом эттиринг: 2, 4, 6, 8, ?",11,9,10,12,2,medium,logic
"Қаторни давом эттиринг: 3, 6, 9, 12, ?",17,15,16,14,1,medium,logic
"Қаторни давом эттиринг: 1, 4, 9, 16, ?",26,24,25,27,2,medium,logic
"Қаторни давом эттиринг: 2, 4, 8, 16, ?",33,31,32,34,2,medium,logic
"Қаторни давом эттиринг: 2, 4, 6, 8, ?",12,10,11,9,1,medium,logic
"Қаторни давом эттиринг: 3, 6, 9, 12, ?",14,15,17,16,1,medium,logic
"Қаторни давом эттиринг: 1, 4, 9, 16, ?",25,27,24,26,0,medium,logic
"Қаторни давом эттиринг: 2, 4, 8, 16, ?",34,33,31,32,3,medium,logic
"Қаторни давом эттиринг: 2, 4, 6, 8, ?",12,9,10,11,2,medium,logic
"Қаторни давом эттиринг: 3, 6, 9, 12, ?",14,15,16,17,1,medium,logic
"Қаторни давом эттиринг: 1, 4, 9, 16, ?",25,26,27,24,0,medium,logic
"Қаторни давом эттиринг: 2, 4, 8, 16, ?",31,33,34,32,3,medium,logic
"Қонуниятни топинг: 2, 5, 7, ?",13,11,14,12,3,medium,logic
"Қонуниятни топинг: 3, 6, 9, ?",17,16,14,15,3,medium,logic
"Қонуниятни топинг: 4, 7, 11, ?",19,17,20,18,3,medium,logic
"Қонуниятни топинг: 5, 8, 13, ?",23,21,20,22,1,medium,logic
"Қонуниятни топинг: 6, 9, 15, ?",23,24,25,26,1,medium,logic
"Қонуниятни топинг: 7, 10, 17, ?",29,26,28,27,3,medium,logic
"Қонуниятни топинг: 8, 11, 19, ?",30,31,29,32,0,medium,logic
"Қонуниятни топинг: 9, 12, 21, ?",32,33,35,34,1,medium,logic
"Қонуниятни топинг: 10, 13, 23, ?",35,37,38,36,3,medium,logic
"Қонуниятни топинг: 11, 14, 25, ?",41,39,38,40,1,medium,logic
"Қонуниятни топинг: 12, 15, 27, ?",41,43,44,42,3,medium,logic
"Қонуниятни топинг: 13, 16, 29, ?",47,44,46,45,3,medium,logic
"Қонуниятни топинг: 14, 17, 31, ?",48,50,49,47,0,medium,logic
"Қонуниятни топинг: 15, 18, 33, ?",52,51,53,50,1,medium,logic
"Қонуниятни топинг: 16, 19, 35, ?",53,56,54,55,2,medium,logic
"Қонуниятни топинг: 17, 20, 37, ?",56,57,58,59,1,medium,logic
"Қонуниятни топинг: 18, 21, 39, ?",59,60,62,61,1,medium,logic
"Қонуниятни топинг: 19, 22, 41, ?",65,64,62,63,3,medium,logic
"Қонуниятни топинг: 20, 23, 43, ?",65,66,67,68,1,medium,logic
"Қонуниятни топинг: 21, 24, 45, ?",70,69,68,71,1,medium,logic
"Қонуниятни топинг: 22, 25, 47, ?",73,71,72,74,2,medium,logic
"Қонуниятни топинг: 23, 26, 49, ?",76,77,75,74,2,medium,logic
"Қонуниятни топинг: 24, 27, 51, ?",78,77,79,80,0,medium,logic
"Қонуниятни топинг: 25, 28, 53, ?",81,80,83,82,0,medium,logic
"Қонуниятни топинг: 26, 29, 55, ?",83,84,86,85,1,medium,logic
"Қонуниятни топинг: 27, 30, 57, ?",89,88,87,86,2,medium,logic
"Қонуниятни топинг: 28, 31, 59, ?",92,90,89,91,1,medium,logic
"Қонуниятни топинг: 29, 32, 61, ?",93,95,92,94,0,medium,logic
"Қонуниятни топинг: 30, 33, 63, ?",95,97,98,96,3,medium,logic
"Қонуниятни топинг: 31, 34, 65, ?",101,100,98,99,3,medium,logic
"Қонуниятни топинг: 32, 35, 67, ?",103,102,101,104,1,medium,logic
"Қонуниятни топинг: 33, 36, 69, ?",104,105,106,107,1,medium,logic
"Қонуниятни топинг: 34, 37, 71, ?",108,110,109,107,0,medium,logic
"Қонуниятни топинг: 35, 38, 73, ?",110,112,113,111,3,medium,logic
"Қонуниятни топинг: 36, 39, 75, ?",116,113,114,115,2,medium,logic
"Қонуниятни топинг: 37, 40, 77, ?",119,116,117,118,2,medium,logic
"Қонуниятни топинг: 38, 41, 79, ?",121,120,119,122,1,medium,logic
"Қонуниятни топинг: 39, 42, 81, ?",122,124,123,125,2,medium,logic
"Қонуниятни топинг: 40, 43, 83, ?",127,126,128,125,1,medium,logic
"Қонуниятни топинг: 41, 44, 85, ?",131,130,129,128,2,medium,logic
"Қонуниятни топинг: 42, 45, 87, ?",134,133,131,132,3,medium,logic
"Қонуниятни топинг: 43, 46, 89, ?",135,137,134,136,0,medium,logic
"Қонуниятни топинг: 44, 47, 91, ?",139,137,140,138,3,medium,logic
"Қонуниятни топинг: 45, 48, 93, ?",142,141,143,140,1,medium,logic
"Қонуниятни топинг: 46, 49, 95, ?",146,145,144,143,2,medium,logic
"Қонуниятни топинг: 47, 50, 97, ?",147,146,149,148,0,medium,logic
"Қонуниятни топинг: 48, 51, 99, ?",150,151,149,152,0,medium,logic
"Қонуниятни топинг: 49, 52, 101, ?",153,152,154,155,0,medium,logic
"Қонуниятни топинг: 50, 53, 103, ?",155,157,158,156,3,medium,logic
"Қонуниятни топинг: 51, 54, 105, ?",159,158,160,161,0,medium,logic
"Қонуниятни топинг: 1, 2, 4, ?",8,16,12,4,0,hard,logic
"Қонуниятни топинг: 2, 4, 8, ?",24,20,12,16,3,hard,logic
"Қонуниятни топинг: 3, 6, 12, ?",24,32,20,28,0,hard,logic
"Қонуниятни топинг: 4, 8, 16, ?",28,36,32,40,2,hard,logic
"Қонуниятни топинг: 5, 10, 20, ?",36,48,44,40,3,hard,logic
"Қонуниятни топинг: 6, 12, 24, ?",52,56,44,48,3,hard,logic
"Қонуниятни топинг: 7, 14, 28, ?",60,52,64,56,3,hard,logic
"Қонуниятни топинг: 8, 16, 32, ?",72,68,60,64,3,hard,logic
"Қонуниятни топинг: 9, 18, 36, ?",80,72,76,68,1,hard,logic
"Қонуниятни топинг: 10, 20, 40, ?",84,76,88,80,3,hard,logic
"Қонуниятни топинг: 11, 22, 44, ?",96,92,88,84,2,hard,logic
"Қонуниятни топинг: 12, 24, 48, ?",104,96,100,92,1,hard,logic
"Қонуниятни топинг: 13, 26, 52, ?",112,100,104,108,2,hard,logic
"Қонуниятни топинг: 14, 28, 56, ?",108,120,112,116,2,hard,logic
"Қонуниятни топинг: 15, 30, 60, ?",124,116,120,128,2,hard,logic
"Қонуниятни топинг: 16, 32, 64, ?",132,128,124,136,1,hard,logic
"Қонуниятни топинг: 17, 34, 68, ?",136,132,140,144,0,hard,logic
"Қонуниятни топинг: 18, 36, 72, ?",140,152,148,144,3,hard,logic
"Қонуниятни топинг: 19, 38, 76, ?",148,160,156,152,3,hard,logic
"Қонуниятни топинг: 20, 40, 80, ?",164,156,168,160,3,hard,logic
"Қонуниятни топинг: 21, 42, 84, ?",164,168,176,172,1,hard,logic
"Қонуниятни топинг: 22, 44, 88, ?",176,172,184,180,0,hard,logic
"Қонуниятни топинг: 23, 46, 92, ?",188,184,180,192,1,hard,logic
"Қонуниятни топинг: 24, 48, 96, ?",200,196,188,192,3,hard,logic
"Қонуниятни топинг: 25, 50, 100, ?",196,208,204,200,3,hard,logic
"Қонуниятни топинг: 26, 52, 104, ?",204,208,216,212,1,hard,logic
"Қонуниятни топинг: 27, 54, 108, ?",220,216,224,212,1,hard,logic
"Қонуниятни топинг: 28, 56, 112, ?",224,220,232,228,0,hard,logic
"Қонуниятни топинг: 29, 58, 116, ?",236,240,228,232,3,hard,logic
"Қонуниятни топинг: 30, 60, 120, ?",248,244,240,236,2,hard,logic
"Қонуниятни топинг: 31, 62, 124, ?",256,248,244,252,1,hard,logic
"Қонуниятни топинг: 32, 64, 128, ?",264,256,260,252,1,hard,logic
"Қонуниятни топинг: 33, 66, 132, ?",260,268,272,264,3,hard,logic
"Қонуниятни топинг: 34, 68, 136, ?",268,272,276,280,1,hard,logic
"Қонуниятни топинг: 35, 70, 140, ?",280,276,284,288,0,hard,logic
"Қонуниятни топинг: 36, 72, 144, ?",296,292,284,288,3,hard,logic
"Қонуниятни топинг: 37, 74, 148, ?",300,292,304,296,3,hard,logic
"Қонуниятни топинг: 38, 76, 152, ?",304,308,300,312,0,hard,logic
"Қонуниятни топинг: 39, 78, 156, ?",320,308,316,312,3,hard,logic
"Қонуниятни топинг: 40, 80, 160, ?",324,328,316,320,3,hard,logic
"Қонуниятни топинг: 41, 82, 164, ?",332,336,328,324,2,hard,logic
"Қонуниятни топинг: 42, 84, 168, ?",340,332,344,336,3,hard,logic
"Қонуниятни топинг: 43, 86, 172, ?",348,340,344,352,2,hard,logic
"Қонуниятни топинг: 44, 88, 176, ?",348,352,360,356,1,hard,logic
"Қонуниятни топинг: 45, 90, 180, ?",364,360,356,368,1,hard,logic
"Қонуниятни топинг: 46, 92, 184, ?",376,364,372,368,3,hard,logic
"Қонуниятни топинг: 47, 94, 188, ?",384,380,376,372,2,hard,logic
"Қонуниятни топинг: 48, 96, 192, ?",380,392,388,384,3,hard,logic
"Қонуниятни топинг: 49, 98, 196, ?",392,396,388,400,0,hard,logic
"Қонуниятни топинг: 50, 100, 200, ?",408,400,404,396,1,hard,logic
Ўзбекистон пойтахти қайси?,Бухоро,Лондон,Самарқанд,Тошкент,3,easy,general
Қозоғистон пойтахти қайси?,Лондон,Астана,Самарқанд,Бухоро,1,easy,general
Қирғизистон пойтахти қайси?,Бухоро,Самарқанд,Лондон,Бишкек,3,easy,general
Тожикистон пойтахти қайси?,Душанбе,Самарқанд,Бухоро,Лондон,0,easy,general
Туркия пойтахти қайси?,Бухоро,Лондон,Самарқанд,Анқара,3,easy,general
Россия пойтахти қайси?,Самарқанд,Москва,Бухоро,Лондон,1,easy,general
Франция пойтахти қайси?,Бухоро,Париж,Лондон,Самарқанд,1,easy,general
Германия пойтахти қайси?,Бухоро,Самарқанд,Берлин,Лондон,2,easy,general
Италия пойтахти қайси?,Рим,Самарқанд,Бухоро,Лондон,0,easy,general
Япония пойтахти қайси?,Токио,Лондон,Самарқанд,Бухоро,0,easy,general
Ўзбекистон пойтахти қайси?,Лондон,Бухоро,Самарқанд,Тошкент,3,easy,general
Қозоғистон пойтахти қайси?,Бухоро,Астана,Самарқанд,Лондон,1,easy,general
Қирғизистон пойтахти қайси?,Бухоро,Лондон,Бишкек,Самарқанд,2,easy,general
Тожикистон пойтахти қайси?,Душанбе,Бухоро,Лондон,Самарқанд,0,easy,general
Туркия пойтахти қайси?,Самарқанд,Лондон,Бухоро,Анқара,3,easy,general
Россия пойтахти қайси?,Самарқанд,Бухоро,Москва,Лондон,2,easy,general
Франция пойтахти қайси?,Париж,Лондон,Бухоро,Самарқанд,0,easy,general
Германия пойтахти қайси?,Берлин,Бухоро,Лондон,Самарқанд,0,easy,general
Италия пойтахти қайси?,Лондон,Рим,Самарқанд,Бухоро,1,easy,general
Япония пойтахти қайси?,Бухоро,Токио,Лондон,Самарқанд,1,easy,general
Ўзбекистон пойтахти қайси?,Лондон,Самарқанд,Бухоро,Тошкент,3,easy,general
Қозоғистон пойтахти қайси?,Астана,Бухоро,Лондон,Самарқанд,0,easy,general
Қирғизистон пойтахти қайси?,Самарқанд,Лондон,Бухоро,Бишкек,3,easy,general
Тожикистон пойтахти қайси?,Самарқанд,Душанбе,Бухоро,Лондон,1,easy,general
Туркия пойтахти қайси?,Бухоро,Самарқанд,Лондон,Анқара,3,easy,general
Россия пойтахти қайси?,Самарқанд,Бухоро,Москва,Лондон,2,easy,general
Франция пойтахти қайси?,Париж,Самарқанд,Лондон,Бухоро,0,easy,general
Германия пойтахти қайси?,Бухоро,Самарқанд,Берлин,Лондон,2,easy,general
Италия пойтахти қайси?,Самарқанд,Бухоро,Рим,Лондон,2,easy,general
Япония пойтахти қайси?,Лондон,Токио,Бухоро,Самарқанд,1,easy,general
Ўзбекистон пойтахти қайси?,Самарқанд,Тошкент,Лондон,Бухоро,1,easy,general
Қозоғистон пойтахти қайси?,Астана,Лондон,Бухоро,Самарқанд,0,easy,general
Қирғизистон пойтахти қайси?,Самарқанд,Бишкек,Бухоро,Лондон,1,easy,general
Тожикистон пойтахти қайси?,Бухоро,Душанбе,Самарқанд,Лондон,1,easy,general
Туркия пойтахти қайси?,Анқара,Бухоро,Лондон,Самарқанд,0,easy,general
Россия пойтахти қайси?,Лондон,Бухоро,Москва,Самарқанд,2,easy,general
Франция пойтахти қайси?,Париж,Бухоро,Лондон,Самарқанд,0,easy,general
Германия пойтахти қайси?,Самарқанд,Бухоро,Берлин,Лондон,2,easy,general
Италия пойтахти қайси?,Рим,Бухоро,Самарқанд,Лондон,0,easy,general
Япония пойтахти қайси?,Самарқанд,Бухоро,Токио,Лондон,2,easy,general
Ўзбекистон пойтахти қайси?,Бухоро,Тошкент,Самарқанд,Лондон,1,easy,general
Қозоғистон пойтахти қайси?,Бухоро,Лондон,Самарқанд,Астана,3,easy,general
Қирғизистон пойтахти қайси?,Самарқанд,Бухоро,Бишкек,Лондон,2,easy,general
Тожикистон пойтахти қайси?,Лондон,Бухоро,Душанбе,Самарқанд,2,easy,general
Туркия пойтахти қайси?,Самарқанд,Бухоро,Лондон,Анқара,3,easy,general
Россия пойтахти қайси?,Самарқанд,Лондон,Москва,Бухоро,2,easy,general
Франция пойтахти қайси?,Лондон,Париж,Самарқанд,Бухоро,1,easy,general
Германия пойтахти қайси?,Берлин,Бухоро,Самарқанд,Лондон,0,easy,general
Италия пойтахти қайси?,Бухоро,Лондон,Рим,Самарқанд,2,easy,general
Япония пойтахти қайси?,Самарқанд,Бухоро,Лондон,Токио,3,easy,general
Ўзбекистон пойтахти қайси?,Тошкент,Самарқанд,Бухоро,Лондон,0,easy,general
Қозоғистон пойтахти қайси?,Бухоро,Самарқанд,Астана,Лондон,2,easy,general
Қирғизистон пойтахти қайси?,Лондон,Самарқанд,Бишкек,Бухоро,2,easy,general
Тожикистон пойтахти қайси?,Душанбе,Самарқанд,Лондон,Бухоро,0,easy,general
Туркия пойтахти қайси?,Самарқанд,Бухоро,Анқара,Лондон,2,easy,general
Россия пойтахти қайси?,Самарқанд,Бухоро,Лондон,Москва,3,easy,general
Франция пойтахти қайси?,Бухоро,Самарқанд,Лондон,Париж,3,easy,general
Германия пойтахти қайси?,Бухоро,Лондон,Самарқанд,Берлин,3,easy,general
Италия пойтахти қайси?,Самарқанд,Лондон,Бухоро,Рим,3,easy,general
Япония пойтахти қайси?,Токио,Лондон,Самарқанд,Бухоро,0,easy,general
Ўзбекистон пойтахти қайси?,Тошкент,Бухоро,Самарқанд,Лондон,0,easy,general
Қозоғистон пойтахти қайси?,Самарқанд,Астана,Бухоро,Лондон,1,easy,general
Қирғизистон пойтахти қайси?,Самарқанд,Бишкек,Лондон,Бухоро,1,easy,general
Тожикистон пойтахти қайси?,Лондон,Самарқанд,Бухоро,Душанбе,3,easy,general
Туркия пойтахти қайси?,Анқара,Самарқанд,Бухоро,Лондон,0,easy,general
Россия пойтахти қайси?,Лондон,Бухоро,Москва,Самарқанд,2,easy,general
Франция пойтахти қайси?,Самарқанд,Лондон,Бухоро,Париж,3,easy,general
Германия пойтахти қайси?,Лондон,Берлин,Самарқанд,Бухоро,1,easy,general
Италия пойтахти қайси?,Лондон,Рим,Самарқанд,Бухоро,1,easy,general
Япония пойтахти қайси?,Бухоро,Лондон,Самарқанд,Токио,3,easy,general
Ўзбекистон пойтахти қайси?,Самарқанд,Лондон,Бухоро,Тошкент,3,easy,general
Қозоғистон пойтахти қайси?,Астана,Лондон,Самарқанд,Бухоро,0,easy,general
Қирғизистон пойтахти қайси?,Бишкек,Самарқанд,Бухоро,Лондон,0,easy,general
Тожикистон пойтахти қайси?,Лондон,Душанбе,Бухоро,Самарқанд,1,easy,general
Туркия пойтахти қайси?,Анқара,Лондон,Самарқанд,Бухоро,0,easy,general
Россия пойтахти қайси?,Лондон,Самарқанд,Бухоро,Москва,3,easy,general
Франция пойтахти қайси?,Самарқанд,Париж,Бухоро,Лондон,1,easy,general
Германия пойтахти қайси?,Самарқанд,Берлин,Бухоро,Лондон,1,easy,general
Италия пойтахти қайси?,Рим,Самарқанд,Лондон,Бухоро,0,easy,general
Япония пойтахти қайси?,Бухоро,Токио,Самарқанд,Лондон,1,easy,general
Ўзбекистон пойтахти қайси?,Лондон,Самарқанд,Бухоро,Тошкент,3,easy,general
Қозоғистон пойтахти қайси?,Самарқанд,Лондон,Бухоро,Астана,3,easy,general
Қирғизистон пойтахти қайси?,Бухоро,Лондон,Бишкек,Самарқанд,2,easy,general
Тожикистон пойтахти қайси?,Самарқанд,Бухоро,Лондон,Душанбе,3,easy,general
Туркия пойтахти қайси?,Самарқанд,Лондон,Бухоро,Анқара,3,easy,general
Россия пойтахти қайси?,Самарқанд,Москва,Бухоро,Лондон,1,easy,general
Франция пойтахти қайси?,Лондон,Самарқанд,Париж,Бухоро,2,easy,general
Германия пойтахти қайси?,Самарқанд,Бухоро,Берлин,Лондон,2,easy,general
Италия пойтахти қайси?,Рим,Лондон,Бухоро,Самарқанд,0,easy,general
Япония пойтахти қайси?,Бухоро,Токио,Самарқанд,Лондон,1,easy,general
Ўзбекистон пойтахти қайси?,Самарқанд,Тошкент,Бухоро,Лондон,1,easy,general
Қозоғистон пойтахти қайси?,Лондон,Самарқанд,Бухоро,Астана,3,easy,general
Қирғизистон пойтахти қайси?,Бухоро,Лондон,Самарқанд,Бишкек,3,easy,general
Тожикистон пойтахти қайси?,Лондон,Самарқанд,Душанбе,Бухоро,2,easy,general
Туркия пойтахти қайси?,Лондон,Самарқанд,Анқара,Бухоро,2,easy,general
Россия пойтахти қайси?,Самарқанд,Бухоро,Лондон,Москва,3,easy,general
Франция пойтахти қайси?,Самарқанд,Бухоро,Париж,Лондон,2,easy,general
Германия пойтахти қайси?,Лондон,Бухоро,Самарқанд,Берлин,3,easy,general
Италия пойтахти қайси?,Бухоро,Рим,Лондон,Самарқанд,1,easy,general
Япония пойтахти қайси?,Бухоро,Лондон,Самарқанд,Токио,3,easy,general
Самарқанд қайси давлатда жойлашган?,Ўзбекистон,Қирғизистон,Қозоғистон,Туркманистон,0,easy,uzbekistan
Бухоро қайси давлатда жойлашган?,Ўзбекистон,Россия,Тожикистон,Туркия,0,easy,uzbekistan
Амир Темур номи қайси шаҳар билан кўп боғланади?,Душанбе,Хива,Анқара,Самарқанд,3,easy,uzbekistan
Ўзбекистоннинг давлат тили қайси?,Рус тили,Қозоқ тили,Ўзбек тили,Инглиз тили,2,easy,uzbekistan
Ўзбекистон валютаси қайси?,Тенге,Евро,Сўм,Рубль,2,easy,uzbekistan
Самарқанд қайси давлатда жойлашган?,Қирғизистон,Туркманистон,Ўзбекистон,Қозоғистон,2,easy,uzbekistan
Бухоро қайси давлатда жойлашган?,Тожикистон,Туркия,Россия,Ўзбекистон,3,easy,uzbekistan
Амир Темур номи қайси шаҳар билан кўп боғланади?,Анқара,Хива,Душанбе,Самарқанд,3,easy,uzbekistan
Ўзбекистоннинг давлат тили қайси?,Ўзбек тили,Рус тили,Қозоқ тили,Инглиз тили,0,easy,uzbekistan
Ўзбекистон валютаси қайси?,Тенге,Евро,Рубль,Сўм,3,easy,uzbekistan
Самарқанд қайси давлатда жойлашган?,Қозоғистон,Туркманистон,Қирғизистон,Ўзбекистон,3,easy,uzbekistan
Бухоро қайси давлатда жойлашган?,Тожикистон,Россия,Ўзбекистон,Туркия,2,easy,uzbekistan
Амир Темур номи қайси шаҳар билан кўп боғланади?,Душанбе,Хива,Анқара,Самарқанд,3,easy,uzbekistan
Ўзбекистоннинг давлат тили қайси?,Рус тили,Инглиз тили,Қозоқ тили,Ўзбек тили,3,easy,uzbekistan
Ўзбекистон валютаси қайси?,Рубль,Сўм,Тенге,Евро,1,easy,uzbekistan
Самарқанд қайси давлатда жойлашган?,Қирғизистон,Қозоғистон,Туркманистон,Ўзбекистон,3,easy,uzbekistan
Бухоро қайси давлатда жойлашган?,Ўзбекистон,Туркия,Тожикистон,Россия,0,easy,uzbekistan
Амир Темур номи қайси шаҳар билан кўп боғланади?,Хива,Анқара,Душанбе,Самарқанд,3,easy,uzbekistan
Ўзбекистоннинг давлат тили қайси?,Рус тили,Қозоқ тили,Инглиз тили,Ўзбек тили,3,easy,uzbekistan
Ўзбекистон валютаси қайси?,Сўм,Рубль,Евро,Тенге,0,easy,uzbekistan
Самарқанд қайси давлатда жойлашган?,Қозоғистон,Туркманистон,Ўзбекистон,Қирғизистон,2,easy,uzbekistan
Бухоро қайси давлатда жойлашган?,Тожикистон,Россия,Ўзбекистон,Туркия,2,easy,uzbekistan
Амир Темур номи қайси шаҳар билан кўп боғланади?,Самарқанд,Анқара,Хива,Душанбе,0,easy,uzbekistan
Ўзбекистоннинг давлат тили қайси?,Рус тили,Қозоқ тили,Инглиз тили,Ўзбек тили,3,easy,uzbekistan
Ўзбекистон валютаси қайси?,Рубль,Тенге,Евро,Сўм,3,easy,uzbekistan
Самарқанд қайси давлатда жойлашган?,Туркманистон,Ўзбекистон,Қозоғистон,Қирғизистон,1,easy,uzbekistan
Бухоро қайси давлатда жойлашган?,Россия,Туркия,Тожикистон,Ўзбекистон,3,easy,uzbekistan
Амир Темур номи қайси шаҳар билан кўп боғланади?,Душанбе,Самарқанд,Анқара,Хива,1,easy,uzbekistan
Ўзбекистоннинг давлат тили қайси?,Қозоқ тили,Инглиз тили,Ўзбек тили,Рус тили,2,easy,uzbekistan
Ўзбекистон валютаси қайси?,Рубль,Тенге,Сўм,Евро,2,easy,uzbekistan
Самарқанд қайси давлатда жойлашган?,Туркманистон,Ўзбекистон,Қозоғистон,Қирғизистон,1,easy,uzbekistan
Бухоро қайси давлатда жойлашган?,Тожикистон,Россия,Туркия,Ўзбекистон,3,easy,uzbekistan
Амир Темур номи қайси шаҳар билан кўп боғланади?,Анқара,Хива,Душанбе,Самарқанд,3,easy,uzbekistan
Ўзбекистоннинг давлат тили қайси?,Инглиз тили,Қозоқ тили,Рус тили,Ўзбек тили,3,easy,uzbekistan
Ўзбекистон валютаси қайси?,Тенге,Рубль,Евро,Сўм,3,easy,uzbekistan
Самарқанд қайси давлатда жойлашган?,Ўзбекистон,Туркманистон,Қозоғистон,Қирғизистон,0,easy,uzbekistan
Бухоро қайси давлатда жойлашган?,Тожикистон,Россия,Туркия,Ўзбекистон,3,easy,uzbekistan
Амир Темур номи қайси шаҳар билан кўп боғланади?,Самарқанд,Анқара,Хива,Душанбе,0,easy,uzbekistan
Ўзбекистоннинг давлат тили қайси?,Ўзбек тили,Инглиз тили,Рус тили,Қозоқ тили,0,easy,uzbekistan
Ўзбекистон валютаси қайси?,Рубль,Евро,Тенге,Сўм,3,easy,uzbekistan
Самарқанд қайси давлатда жойлашган?,Ўзбекистон,Қозоғистон,Қирғизистон,Туркманистон,0,medium,uzbekistan
Бухоро қайси давлатда жойлашган?,Россия,Тожикистон,Туркия,Ўзбекистон,3,medium,uzbekistan
Амир Темур номи қайси шаҳар билан кўп боғланади?,Анқара,Душанбе,Хива,Самарқанд,3,medium,uzbekistan
Ўзбекистоннинг давлат тили қайси?,Ўзбек тили,Инглиз тили,Рус тили,Қозоқ тили,0,medium,uzbekistan
Ўзбекистон валютаси қайси?,Сўм,Тенге,Евро,Рубль,0,medium,uzbekistan
Самарқанд қайси давлатда жойлашган?,Қирғизистон,Қозоғистон,Туркманистон,Ўзбекистон,3,medium,uzbekistan
Бухоро қайси давлатда жойлашган?,Россия,Ўзбекистон,Туркия,Тожикистон,1,medium,uzbekistan
Амир Темур номи қайси шаҳар билан кўп боғланади?,Самарқанд,Душанбе,Анқара,Хива,0,medium,uzbekistan
Ўзбекистоннинг давлат тили қайси?,Инглиз тили,Қозоқ тили,Ўзбек тили,Рус тили,2,medium,uzbekistan
Ўзбекистон валютаси қайси?,Рубль,Тенге,Евро,Сўм,3,medium,uzbekistan
Самарқанд қайси давлатда жойлашган?,Қирғизистон,Туркманистон,Қозоғистон,Ўзбекистон,3,medium,uzbekistan
Бухоро қайси давлатда жойлашган?,Ўзбекистон,Тожикистон,Россия,Туркия,0,medium,uzbekistan
Амир Темур номи қайси шаҳар билан кўп боғланади?,Хива,Душанбе,Анқара,Самарқанд,3,medium,uzbekistan
Ўзбекистоннинг давлат тили қайси?,Инглиз тили,Қозоқ тили,Ўзбек тили,Рус тили,2,medium,uzbekistan
Ўзбекистон валютаси қайси?,Евро,Рубль,Тенге,Сўм,3,medium,uzbekistan
Самарқанд қайси давлатда жойлашган?,Туркманистон,Қирғизистон,Ўзбекистон,Қозоғистон,2,medium,uzbekistan
Бухоро қайси давлатда жойлашган?,Ўзбекистон,Россия,Туркия,Тожикистон,0,medium,uzbekistan
Амир Темур номи қайси шаҳар билан кўп боғланади?,Анқара,Душанбе,Самарқанд,Хива,2,medium,uzbekistan
Ўзбекистоннинг давлат тили қайси?,Қозоқ тили,Ўзбек тили,Рус тили,Инглиз тили,1,medium,uzbekistan
Ўзбекистон валютаси қайси?,Сўм,Рубль,Евро,Тенге,0,medium,uzbekistan
Самарқанд қайси давлатда жойлашган?,Қирғизистон,Қозоғистон,Туркманистон,Ўзбекистон,3,medium,uzbekistan
Бухоро қайси давлатда жойлашган?,Ўзбекистон,Тожикистон,Туркия,Россия,0,medium,uzbekistan
Амир Темур номи қайси шаҳар билан кўп боғланади?,Душанбе,Самарқанд,Анқара,Хива,1,medium,uzbekistan
Ўзбекистоннинг давлат тили қайси?,Инглиз тили,Ўзбек тили,Рус тили,Қозоқ тили,1,medium,uzbekistan
Ўзбекистон валютаси қайси?,Рубль,Сўм,Тенге,Евро,1,medium,uzbekistan
Самарқанд қайси давлатда жойлашган?,Ўзбекистон,Қирғизистон,Туркманистон,Қозоғистон,0,medium,uzbekistan
Бухоро қайси давлатда жойлашган?,Россия,Тожикистон,Ўзбекистон,Туркия,2,medium,uzbekistan
Амир Темур номи қайси шаҳар билан кўп боғланади?,Анқара,Самарқанд,Хива,Душанбе,1,medium,uzbekistan
Ўзбекистоннинг давлат тили қайси?,Рус тили,Қозоқ тили,Инглиз тили,Ўзбек тили,3,medium,uzbekistan
Ўзбекистон валютаси қайси?,Евро,Тенге,Рубль,Сўм,3,medium,uzbekistan
Python нима?,Браузер,Антивирус,Операцион тизим,Дастурлаш тили,3,easy,it
HTML асосан нима учун ишлатилади?,Веб саҳифа тузиш,Антивирус ёзиш,Расм чизиш,Видео монтаж,0,easy,it
CSS нима учун ишлатилади?,Компьютер ўчириш,Овоз ёзиш,Маълумот базаси яратиш,Дизайн ва безак бериш,3,easy,it
Telegram нима?,Мессенжер,Операцион тизим,Процессор,Матн редактори,0,easy,it
CPU нима?,Монитор,Қаттиқ диск,Марказий процессор,Клавиатура,2,easy,it
RAM нима?,Видео карта,Флешка,Оператив хотира,Телефон экрани,2,easy,it
Python нима?,Операцион тизим,Дастурлаш тили,Браузер,Антивирус,1,easy,it
HTML асосан нима учун ишлатилади?,Видео монтаж,Расм чизиш,Антивирус ёзиш,Веб саҳифа тузиш,3,easy,it
CSS нима учун ишлатилади?,Овоз ёзиш,Маълумот базаси яратиш,Компьютер ўчириш,Дизайн ва безак бериш,3,easy,it
Telegram нима?,Мессенжер,Матн редактори,Процессор,Операцион тизим,0,easy,it
CPU нима?,Монитор,Клавиатура,Марказий процессор,Қаттиқ диск,2,easy,it
RAM нима?,Оператив хотира,Флешка,Видео карта,Телефон экрани,0,easy,it
Python нима?,Браузер,Антивирус,Дастурлаш тили,Операцион тизим,2,easy,it
HTML асосан нима учун ишлатилади?,Антивирус ёзиш,Видео монтаж,Расм чизиш,Веб саҳифа тузиш,3,easy,it
CSS нима учун ишлатилади?,Овоз ёзиш,Маълумот базаси яратиш,Компьютер ўчириш,Дизайн ва безак бериш,3,easy,it
Telegram нима?,Матн редактори,Операцион тизим,Процессор,Мессенжер,3,easy,it
CPU нима?,Марказий процессор,Қаттиқ диск,Монитор,Клавиатура,0,easy,it
RAM нима?,Оператив хотира,Телефон экрани,Флешка,Видео карта,0,easy,it
Python нима?,Браузер,Дастурлаш тили,Антивирус,Операцион тизим,1,easy,it
HTML асосан нима учун ишлатилади?,Веб саҳифа тузиш,Расм чизиш,Антивирус ёзиш,Видео монтаж,0,easy,it
CSS нима учун ишлатилади?,Овоз ёзиш,Компьютер ўчириш,Дизайн ва безак бериш,Маълумот базаси яратиш,2,easy,it
Telegram нима?,Процессор,Мессенжер,Матн редактори,Операцион тизим,1,easy,it
CPU нима?,Марказий процессор,Қаттиқ диск,Клавиатура,Монитор,0,easy,it
RAM нима?,Оператив хотира,Флешка,Телефон экрани,Видео карта,0,easy,it
Python нима?,Антивирус,Браузер,Операцион тизим,Дастурлаш тили,3,easy,it
HTML асосан нима учун ишлатилади?,Расм чизиш,Антивирус ёзиш,Веб саҳифа тузиш,Видео монтаж,2,easy,it
CSS нима учун ишлатилади?,Дизайн ва безак бериш,Овоз ёзиш,Маълумот базаси яратиш,Компьютер ўчириш,0,easy,it
Telegram нима?,Операцион тизим,Процессор,Матн редактори,Мессенжер,3,easy,it
CPU нима?,Марказий процессор,Клавиатура,Қаттиқ диск,Монитор,0,easy,it
RAM нима?,Флешка,Телефон экрани,Видео карта,Оператив хотира,3,easy,it
Python нима?,Операцион тизим,Браузер,Антивирус,Дастурлаш тили,3,easy,it
HTML асосан нима учун ишлатилади?,Видео монтаж,Веб саҳифа тузиш,Антивирус ёзиш,Расм чизиш,1,easy,it
CSS нима учун ишлатилади?,Овоз ёзиш,Маълумот базаси яратиш,Компьютер ўчириш,Дизайн ва безак бериш,3,easy,it
Telegram нима?,Матн редактори,Процессор,Операцион тизим,Мессенжер,3,easy,it
CPU нима?,Монитор,Клавиатура,Қаттиқ диск,Марказий процессор,3,easy,it
RAM нима?,Оператив хотира,Флешка,Телефон экрани,Видео карта,0,easy,it
Python нима?,Антивирус,Браузер,Дастурлаш тили,Операцион тизим,2,easy,it
HTML асосан нима учун ишлатилади?,Веб саҳифа тузиш,Антивирус ёзиш,Расм чизиш,Видео монтаж,0,easy,it
CSS нима учун ишлатилади?,Маълумот базаси яратиш,Овоз ёзиш,Компьютер ўчириш,Дизайн ва безак бериш,3,easy,it
Telegram нима?,Матн редактори,Мессенжер,Процессор,Операцион тизим,1,easy,it
CPU нима?,Монитор,Марказий процессор,Клавиатура,Қаттиқ диск,1,easy,it
RAM нима?,Оператив хотира,Телефон экрани,Видео карта,Флешка,0,easy,it
Python нима?,Дастурлаш тили,Операцион тизим,Антивирус,Браузер,0,easy,it
HTML асосан нима учун ишлатилади?,Расм чизиш,Веб саҳифа тузиш,Видео монтаж,Антивирус ёзиш,1,easy,it
CSS нима учун ишлатилади?,Дизайн ва безак бериш,Овоз ёзиш,Маълумот базаси яратиш,Компьютер ўчириш,0,easy,it
Telegram нима?,Процессор,Мессенжер,Операцион тизим,Матн редактори,1,easy,it
CPU нима?,Клавиатура,Монитор,Марказий процессор,Қаттиқ диск,2,easy,it
RAM нима?,Оператив хотира,Видео карта,Флешка,Телефон экрани,0,easy,it
Python нима?,Дастурлаш тили,Антивирус,Браузер,Операцион тизим,0,easy,it
HTML асосан нима учун ишлатилади?,Антивирус ёзиш,Расм чизиш,Веб саҳифа тузиш,Видео монтаж,2,easy,it
CSS нима учун ишлатилади?,Компьютер ўчириш,Овоз ёзиш,Дизайн ва безак бериш,Маълумот базаси яратиш,2,easy,it
Telegram нима?,Мессенжер,Процессор,Матн редактори,Операцион тизим,0,easy,it
CPU нима?,Қаттиқ диск,Марказий процессор,Клавиатура,Монитор,1,easy,it
RAM нима?,Видео карта,Телефон экрани,Оператив хотира,Флешка,2,easy,it
Python нима?,Браузер,Операцион тизим,Антивирус,Дастурлаш тили,3,easy,it
HTML асосан нима учун ишлатилади?,Расм чизиш,Антивирус ёзиш,Веб саҳифа тузиш,Видео монтаж,2,easy,it
CSS нима учун ишлатилади?,Дизайн ва безак бериш,Овоз ёзиш,Компьютер ўчириш,Маълумот базаси яратиш,0,easy,it
Telegram нима?,Процессор,Матн редактори,Мессенжер,Операцион тизим,2,easy,it
CPU нима?,Клавиатура,Монитор,Қаттиқ диск,Марказий процессор,3,easy,it
RAM нима?,Флешка,Видео карта,Оператив хотира,Телефон экрани,2,easy,it
Python нима?,Операцион тизим,Антивирус,Дастурлаш тили,Браузер,2,medium,it
HTML асосан нима учун ишлатилади?,Расм чизиш,Антивирус ёзиш,Веб саҳифа тузиш,Видео монтаж,2,medium,it
CSS нима учун ишлатилади?,Маълумот базаси яратиш,Компьютер ўчириш,Дизайн ва безак бериш,Овоз ёзиш,2,medium,it
Telegram нима?,Мессенжер,Операцион тизим,Процессор,Матн редактори,0,medium,it
CPU нима?,Монитор,Клавиатура,Қаттиқ диск,Марказий процессор,3,medium,it
RAM нима?,Видео карта,Флешка,Телефон экрани,Оператив хотира,3,medium,it
Python нима?,Браузер,Операцион тизим,Дастурлаш тили,Антивирус,2,medium,it
HTML асосан нима учун ишлатилади?,Расм чизиш,Веб саҳифа тузиш,Антивирус ёзиш,Видео монтаж,1,medium,it
CSS нима учун ишлатилади?,Маълумот базаси яратиш,Дизайн ва безак бериш,Компьютер ўчириш,Овоз ёзиш,1,medium,it
Telegram нима?,Матн редактори,Операцион тизим,Мессенжер,Процессор,2,medium,it
CPU нима?,Монитор,Клавиатура,Қаттиқ диск,Марказий процессор,3,medium,it
RAM нима?,Телефон экрани,Флешка,Оператив хотира,Видео карта,2,medium,it
Python нима?,Браузер,Дастурлаш тили,Антивирус,Операцион тизим,1,medium,it
HTML асосан нима учун ишлатилади?,Видео монтаж,Расм чизиш,Веб саҳифа тузиш,Антивирус ёзиш,2,medium,it
CSS нима учун ишлатилади?,Овоз ёзиш,Компьютер ўчириш,Дизайн ва безак бериш,Маълумот базаси яратиш,2,medium,it
Telegram нима?,Матн редактори,Процессор,Мессенжер,Операцион тизим,2,medium,it
CPU нима?,Монитор,Клавиатура,Қаттиқ диск,Марказий процессор,3,medium,it
RAM нима?,Телефон экрани,Флешка,Видео карта,Оператив хотира,3,medium,it
Python нима?,Антивирус,Дастурлаш тили,Браузер,Операцион тизим,1,medium,it
HTML асосан нима учун ишлатилади?,Антивирус ёзиш,Расм чизиш,Видео монтаж,Веб саҳифа тузиш,3,medium,it
CSS нима учун ишлатилади?,Дизайн ва безак бериш,Овоз ёзиш,Маълумот базаси яратиш,Компьютер ўчириш,0,medium,it
Telegram нима?,Процессор,Матн редактори,Операцион тизим,Мессенжер,3,medium,it
CPU нима?,Қаттиқ диск,Клавиатура,Марказий процессор,Монитор,2,medium,it
RAM нима?,Оператив хотира,Телефон экрани,Флешка,Видео карта,0,medium,it
Python нима?,Браузер,Операцион тизим,Антивирус,Дастурлаш тили,3,medium,it
HTML асосан нима учун ишлатилади?,Веб саҳифа тузиш,Расм чизиш,Антивирус ёзиш,Видео монтаж,0,medium,it
CSS нима учун ишлатилади?,Дизайн ва безак бериш,Маълумот базаси яратиш,Овоз ёзиш,Компьютер ўчириш,0,medium,it
Telegram нима?,Процессор,Операцион тизим,Мессенжер,Матн редактори,2,medium,it
CPU нима?,Монитор,Қаттиқ диск,Марказий процессор,Клавиатура,2,medium,it
RAM нима?,Видео карта,Телефон экрани,Флешка,Оператив хотира,3,medium,it
Python нима?,Браузер,Антивирус,Дастурлаш тили,Операцион тизим,2,medium,it
HTML асосан нима учун ишлатилади?,Веб саҳифа тузиш,Антивирус ёзиш,Расм чизиш,Видео монтаж,0,medium,it
CSS нима учун ишлатилади?,Дизайн ва безак бериш,Овоз ёзиш,Маълумот базаси яратиш,Компьютер ўчириш,0,medium,it
Telegram нима?,Мессенжер,Операцион тизим,Процессор,Матн редактори,0,medium,it
CPU нима?,Марказий процессор,Клавиатура,Қаттиқ диск,Монитор,0,medium,it
RAM нима?,Флешка,Оператив хотира,Видео карта,Телефон экрани,1,medium,it
Python нима?,Дастурлаш тили,Антивирус,Операцион тизим,Браузер,0,medium,it
HTML асосан нима учун ишлатилади?,Видео монтаж,Антивирус ёзиш,Расм чизиш,Веб саҳифа тузиш,3,medium,it
CSS нима учун ишлатилади?,Дизайн ва безак бериш,Компьютер ўчириш,Овоз ёзиш,Маълумот базаси яратиш,0,medium,it
Telegram нима?,Операцион тизим,Процессор,Матн редактори,Мессенжер,3,medium,it
Python да `len('bot1')` натижаси неча бўлади?,5,3,6,4,3,hard,it
Python да `len('bot2')` натижаси неча бўлади?,6,3,5,4,3,hard,it
Python да `len('bot3')` натижаси неча бўлади?,6,3,4,5,2,hard,it
Python да `len('bot4')` натижаси неча бўлади?,6,3,5,4,3,hard,it
Python да `len('bot5')` натижаси неча бўлади?,3,5,6,4,3,hard,it
Python да `len('bot6')` натижаси неча бўлади?,6,5,4,3,2,hard,it
Python да `len('bot7')` натижаси неча бўлади?,5,3,6,4,3,hard,it
Python да `len('bot8')` натижаси неча бўлади?,4,3,5,6,0,hard,it
Python да `len('bot9')` натижаси неча бўлади?,4,5,3,6,0,hard,it
Python да `len('bot10')` натижаси неча бўлади?,5,6,4,7,0,hard,it
Python да `len('bot11')` натижаси неча бўлади?,6,4,7,5,3,hard,it
Python да `len('bot12')` натижаси неча бўлади?,7,4,6,5,3,hard,it
Python да `len('bot13')` натижаси неча бўлади?,6,4,7,5,3,hard,it
Python да `len('bot14')` натижаси неча бўлади?,7,4,6,5,3,hard,it
Python да `len('bot15')` натижаси неча бўлади?,6,7,4,5,3,hard,it
Python да `len('bot16')` натижаси неча бўлади?,7,4,6,5,3,hard,it
Python да `len('bot17')` натижаси неча бўлади?,4,6,5,7,2,hard,it
Python да `len('bot18')` натижаси неча бўлади?,6,4,5,7,2,hard,it
Python да `len('bot19')` натижаси неча бўлади?,7,6,4,5,3,hard,it
Python да `len('bot20')` натижаси неча бўлади?,6,4,5,7,2,hard,it
Python да `len('bot21')` натижаси неча бўлади?,7,6,5,4,2,hard,it
Python да `len('bot22')` натижаси неча бўлади?,7,5,6,4,1,hard,it
Python да `len('bot23')` натижаси неча бўлади?,6,5,7,4,1,hard,it
Python да `len('bot24')` натижаси неча бўлади?,5,4,7,6,0,hard,it
Python да `len('bot25')` натижаси неча бўлади?,6,7,4,5,3,hard,it
Python да `len('bot26')` натижаси неча бўлади?,6,7,4,5,3,hard,it
Python да `len('bot27')` натижаси неча бўлади?,4,5,7,6,1,hard,it
Python да `len('bot28')` натижаси неча бўлади?,4,6,7,5,3,hard,it
Python да `len('bot29')` натижаси неча бўлади?,5,4,6,7,0,hard,it
Python да `len('bot30')` натижаси неча бўлади?,7,5,4,6,1,hard,it
Python да `len('bot31')` натижаси неча бўлади?,5,7,4,6,0,hard,it
Python да `len('bot32')` натижаси неча бўлади?,7,5,4,6,1,hard,it
Python да `len('bot33')` натижаси неча бўлади?,4,5,7,6,1,hard,it
Python да `len('bot34')` натижаси неча бўлади?,5,6,4,7,0,hard,it
Python да `len('bot35')` натижаси неча бўлади?,4,6,5,7,2,hard,it
Python да `len('bot36')` натижаси неча бўлади?,5,7,4,6,0,hard,it
Python да `len('bot37')` натижаси неча бўлади?,6,7,5,4,2,hard,it
Python да `len('bot38')` натижаси неча бўлади?,6,4,7,5,3,hard,it
Python да `len('bot39')` натижаси неча бўлади?,6,5,7,4,1,hard,it
Python да `len('bot40')` натижаси неча бўлади?,6,5,4,7,1,hard,it
Python да `len('bot41')` натижаси неча бўлади?,5,7,4,6,0,hard,it
Python да `len('bot42')` натижаси неча бўлади?,7,4,5,6,2,hard,it
Python да `len('bot43')` натижаси неча бўлади?,5,6,4,7,0,hard,it
Python да `len('bot44')` натижаси неча бўлади?,6,4,5,7,2,hard,it
Python да `len('bot45')` натижаси неча бўлади?,7,5,4,6,1,hard,it
Python да `len('bot46')` натижаси неча бўлади?,7,5,4,6,1,hard,it
Python да `len('bot47')` натижаси неча бўлади?,5,4,6,7,0,hard,it
Python да `len('bot48')` натижаси неча бўлади?,4,7,6,5,3,hard,it
Python да `len('bot49')` натижаси неча бўлади?,7,5,6,4,1,hard,it
Python да `len('bot50')` натижаси неча бўлади?,5,4,7,6,0,hard,it
'китоб' сўзининг кўплик шаклини топинг.,китоб,китобхона,китобчи,китоблар,3,easy,language
'дарахт' сўзининг кўплик шаклини топинг.,дарахтлар,дарахтчи,дарахтхона,дарахт,0,easy,language
'мактаб' сўзининг кўплик шаклини топинг.,мактабхона,мактаблар,мактаб,мактабчи,1,easy,language
'устоз' сўзининг кўплик шаклини топинг.,устозлар,устоз,устозхона,устозчи,0,easy,language
'шаҳар' сўзининг кўплик шаклини топинг.,шаҳарчи,шаҳар,шаҳарлар,шаҳархона,2,easy,language
'китоб' сўзининг кўплик шаклини топинг.,китоб,китоблар,китобчи,китобхона,1,easy,language
'дарахт' сўзининг кўплик шаклини топинг.,дарахтчи,дарахтхона,дарахт,дарахтлар,3,easy,language
'мактаб' сўзининг кўплик шаклини топинг.,мактабхона,мактаблар,мактабчи,мактаб,1,easy,language
'устоз' сўзининг кўплик шаклини топинг.,устозчи,устозхона,устоз,устозлар,3,easy,language
'шаҳар' сўзининг кўплик шаклини топинг.,шаҳарчи,шаҳар,шаҳарлар,шаҳархона,2,easy,language
'китоб' сўзининг кўплик шаклини топинг.,китобчи,китоблар,китобхона,китоб,1,easy,language
'дарахт' сўзининг кўплик шаклини топинг.,дарахтлар,дарахтчи,дарахт,дарахтхона,0,easy,language
'мактаб' сўзининг кўплик шаклини топинг.,мактабчи,мактаблар,мактабхона,мактаб,1,easy,language
'устоз' сўзининг кўплик шаклини топинг.,устозчи,устоз,устозлар,устозхона,2,easy,language
'шаҳар' сўзининг кўплик шаклини топинг.,шаҳар,шаҳарчи,шаҳарлар,шаҳархона,2,easy,language
'китоб' сўзининг кўплик шаклини топинг.,китоб,китобчи,китобхона,китоблар,3,easy,language
'дарахт' сўзининг кўплик шаклини топинг.,дарахтлар,дарахтхона,дарахтчи,дарахт,0,easy,language
'мактаб' сўзининг кўплик шаклини топинг.,мактабчи,мактаб,мактабхона,мактаблар,3,easy,language
'устоз' сўзининг кўплик шаклини топинг.,устоз,устозлар,устозчи,устозхона,1,easy,language
'шаҳар' сўзининг кўплик шаклини топинг.,шаҳар,шаҳарлар,шаҳарчи,шаҳархона,1,easy,language
'китоб' сўзининг кўплик шаклини топинг.,китоб,китоблар,китобхона,китобчи,1,easy,language
'дарахт' сўзининг кўплик шаклини топинг.,дарахтхона,дарахтлар,дарахтчи,дарахт,1,easy,language
'мактаб' сўзининг кўплик шаклини топинг.,мактабчи,мактабхона,мактаб,мактаблар,3,easy,language
'устоз' сўзининг кўплик шаклини топинг.,устозхона,устоз,устозлар,устозчи,2,easy,language
'шаҳар' сўзининг кўплик шаклини топинг.,шаҳархона,шаҳар,шаҳарлар,шаҳарчи,2,easy,language
'китоб' сўзининг кўплик шаклини топинг.,китобчи,китобхона,китоб,китоблар,3,easy,language
'дарахт' сўзининг кўплик шаклини топинг.,дарахтхона,дарахтлар,дарахтчи,дарахт,1,easy,language
'мактаб' сўзининг кўплик шаклини топинг.,мактаб,мактабчи,мактаблар,мактабхона,2,easy,language
'устоз' сўзининг кўплик шаклини топинг.,устозхона,устозчи,устозлар,устоз,2,easy,language
'шаҳар' сўзининг кўплик шаклини топинг.,шаҳар,шаҳарчи,шаҳархона,шаҳарлар,3,easy,language
'китоб' сўзининг кўплик шаклини топинг.,китобчи,китоб,китобхона,китоблар,3,easy,language
'дарахт' сўзининг кўплик шаклини топинг.,дарахтчи,дарахтхона,дарахт,дарахтлар,3,easy,language
'мактаб' сўзининг кўплик шаклини топинг.,мактаблар,мактабхона,мактабчи,мактаб,0,easy,language
'устоз' сўзининг кўплик шаклини топинг.,устозлар,устозчи,устоз,устозхона,0,easy,language
'шаҳар' сўзининг кўплик шаклини топинг.,шаҳарлар,шаҳарчи,шаҳар,шаҳархона,0,easy,language
'китоб' сўзининг кўплик шаклини топинг.,китоб,китобхона,китобчи,китоблар,3,easy,language
'дарахт' сўзининг кўплик шаклини топинг.,дарахтхона,дарахтчи,дарахтлар,дарахт,2,easy,language
'мактаб' сўзининг кўплик шаклини топинг.,мактабхона,мактаб,мактабчи,мактаблар,3,easy,language
'устоз' сўзининг кўплик шаклини топинг.,устоз,устозлар,устозчи,устозхона,1,easy,language
'шаҳар' сўзининг кўплик шаклини топинг.,шаҳарлар,шаҳарчи,шаҳар,шаҳархона,0,easy,language
'китоб' сўзининг кўплик шаклини топинг.,китобчи,китоблар,китоб,китобхона,1,easy,language
'дарахт' сўзининг кўплик шаклини топинг.,дарахтчи,дарахтлар,дарахтхона,дарахт,1,easy,language
'мактаб' сўзининг кўплик шаклини топинг.,мактабчи,мактабхона,мактаб,мактаблар,3,easy,language
'устоз' сўзининг кўплик шаклини топинг.,устозчи,устозлар,устоз,устозхона,1,easy,language
'шаҳар' сўзининг кўплик шаклини топинг.,шаҳарлар,шаҳарчи,шаҳархона,шаҳар,0,easy,language
'китоб' сўзининг кўплик шаклини топинг.,китоблар,китобхона,китоб,китобчи,0,easy,language
'дарахт' сўзининг кўплик шаклини топинг.,дарахт,дарахтхона,дарахтчи,дарахтлар,3,easy,language
'мактаб' сўзининг кўплик шаклини топинг.,мактаб,мактаблар,мактабчи,мактабхона,1,easy,language
'устоз' сўзининг кўплик шаклини топинг.,устозлар,устозчи,устозхона,устоз,0,easy,language
'шаҳар' сўзининг кўплик шаклини топинг.,шаҳарчи,шаҳарлар,шаҳархона,шаҳар,1,easy,language
'китоб' сўзининг кўплик шаклини топинг.,китобчи,китобхона,китоб,китоблар,3,easy,language
'дарахт' сўзининг кўплик шаклини топинг.,дарахтлар,дарахтхона,дарахт,дарахтчи,0,easy,language
'мактаб' сўзининг кўплик шаклини топинг.,мактаблар,мактаб,мактабхона,мактабчи,0,easy,language
'устоз' сўзининг кўплик шаклини топинг.,устозхона,устоз,устозчи,устозлар,3,easy,language
'шаҳар' сўзининг кўплик шаклини топинг.,шаҳарчи,шаҳар,шаҳархона,шаҳарлар,3,easy,language
'китоб' сўзининг кўплик шаклини топинг.,китобчи,китоб,китоблар,китобхона,2,easy,language
'дарахт' сўзининг кўплик шаклини топинг.,дарахт,дарахтчи,дарахтхона,дарахтлар,3,easy,language
'мактаб' сўзининг кўплик шаклини топинг.,мактабчи,мактабхона,мактаблар,мактаб,2,easy,language
'устоз' сўзининг кўплик шаклини топинг.,устоз,устозчи,устозхона,устозлар,3,easy,language
'шаҳар' сўзининг кўплик шаклини топинг.,шаҳарчи,шаҳарлар,шаҳархона,шаҳар,1,easy,language
'китоб' сўзининг кўплик шаклини топинг.,китоб,китоблар,китобчи,китобхона,1,easy,language
'дарахт' сўзининг кўплик шаклини топинг.,дарахтлар,дарахтхона,дарахт,дарахтчи,0,easy,language
'мактаб' сўзининг кўплик шаклини топинг.,мактаблар,мактабчи,мактаб,мактабхона,0,easy,language
'устоз' сўзининг кўплик шаклини топинг.,устоз,устозхона,устозчи,устозлар,3,easy,language
'шаҳар' сўзининг кўплик шаклини топинг.,шаҳархона,шаҳар,шаҳарлар,шаҳарчи,2,easy,language
'китоб' сўзининг кўплик шаклини топинг.,китоблар,китобхона,китоб,китобчи,0,easy,language
'дарахт' сўзининг кўплик шаклини топинг.,дарахтхона,дарахтчи,дарахт,дарахтлар,3,easy,language
'мактаб' сўзининг кўплик шаклини топинг.,мактаблар,мактаб,мактабчи,мактабхона,0,easy,language
'устоз' сўзининг кўплик шаклини топинг.,устозлар,устозчи,устоз,устозхона,0,easy,language
'шаҳар' сўзининг кўплик шаклини топинг.,шаҳар,шаҳарлар,шаҳархона,шаҳарчи,1,easy,language
'китоб' сўзининг кўплик шаклини топинг.,китобчи,китоб,китоблар,китобхона,2,easy,language
'дарахт' сўзининг кўплик шаклини топинг.,дарахтлар,дарахтчи,дарахтхона,дарахт,0,easy,language
'мактаб' сўзининг кўплик шаклини топинг.,мактаблар,мактаб,мактабхона,мактабчи,0,easy,language
'устоз' сўзининг кўплик шаклини топинг.,устозлар,устоз,устозхона,устозчи,0,easy,language
'шаҳар' сўзининг кўплик шаклини топинг.,шаҳархона,шаҳарлар,шаҳарчи,шаҳар,1,easy,language
'running' сўзида қайси қўшимча бор?,ing,ly,ed,er,0,medium,language
'reading' сўзида қайси қўшимча бор?,ing,er,ed,ly,0,medium,language
'writing' сўзида қайси қўшимча бор?,ly,ed,er,ing,3,medium,language
'playing' сўзида қайси қўшимча бор?,er,ly,ed,ing,3,medium,language
'working' сўзида қайси қўшимча бор?,ing,er,ed,ly,0,medium,language
'running' сўзида қайси қўшимча бор?,ing,ly,er,ed,0,medium,language
'reading' сўзида қайси қўшимча бор?,ing,er,ed,ly,0,medium,language
'writing' сўзида қайси қўшимча бор?,ing,ed,er,ly,0,medium,language
'playing' сўзида қайси қўшимча бор?,ed,ing,er,ly,1,medium,language
'working' сўзида қайси қўшимча бор?,ed,er,ly,ing,3,medium,language
'running' сўзида қайси қўшимча бор?,ed,er,ly,ing,3,medium,language
'reading' сўзида қайси қўшимча бор?,ed,er,ing,ly,2,medium,language
'writing' сўзида қайси қўшимча бор?,ly,ing,ed,er,1,medium,language
'playing' сўзида қайси қўшимча бор?,ly,er,ed,ing,3,medium,language
'working' сўзида қайси қўшимча бор?,ly,ing,er,ed,1,medium,language
'running' сўзида қайси қўшимча бор?,ing,ed,ly,er,0,medium,language
'reading' сўзида қайси қўшимча бор?,ed,er,ly,ing,3,medium,language
'writing' сўзида қайси қўшимча бор?,ed,er,ing,ly,2,medium,language
'playing' сўзида қайси қўшимча бор?,ly,er,ing,ed,2,medium,language
'working' сўзида қайси қўшимча бор?,ed,er,ing,ly,2,medium,language
'running' сўзида қайси қўшимча бор?,er,ed,ly,ing,3,medium,language
'reading' сўзида қайси қўшимча бор?,ly,ing,er,ed,1,medium,language
'writing' сўзида қайси қўшимча бор?,ed,er,ly,ing,3,medium,language
'playing' сўзида қайси қўшимча бор?,ed,er,ing,ly,2,medium,language
'working' сўзида қайси қўшимча бор?,er,ing,ly,ed,1,medium,language
'running' сўзида қайси қўшимча бор?,er,ing,ly,ed,1,medium,language
'reading' сўзида қайси қўшимча бор?,ly,er,ed,ing,3,medium,language
'writing' сўзида қайси қўшимча бор?,ly,er,ing,ed,2,medium,language
'playing' сўзида қайси қўшимча бор?,er,ly,ing,ed,2,medium,language
'working' сўзида қайси қўшимча бор?,ly,ed,er,ing,3,medium,language
'running' сўзида қайси қўшимча бор?,ed,er,ly,ing,3,medium,language
'reading' сўзида қайси қўшимча бор?,er,ing,ed,ly,1,medium,language
'writing' сўзида қайси қўшимча бор?,ly,er,ing,ed,2,medium,language
'playing' сўзида қайси қўшимча бор?,er,ly,ed,ing,3,medium,language
'working' сўзида қайси қўшимча бор?,er,ed,ing,ly,2,medium,language
'running' сўзида қайси қўшимча бор?,ed,ing,er,ly,1,medium,language
'reading' сўзида қайси қўшимча бор?,ed,ly,er,ing,3,medium,language
'writing' сўзида қайси қўшимча бор?,er,ed,ly,ing,3,medium,language
'playing' сўзида қайси қўшимча бор?,ed,ing,ly,er,1,medium,language
'working' сўзида қайси қўшимча бор?,ed,ing,ly,er,1,medium,language
'running' сўзида қайси қўшимча бор?,er,ly,ing,ed,2,medium,language
'reading' сўзида қайси қўшимча бор?,er,ing,ly,ed,1,medium,language
'writing' сўзида қайси қўшимча бор?,ing,er,ed,ly,0,medium,language
'playing' сўзида қайси қўшимча бор?,er,ed,ly,ing,3,medium,language
'working' сўзида қайси қўшимча бор?,ed,ly,ing,er,2,medium,language
'running' сўзида қайси қўшимча бор?,ed,ing,ly,er,1,medium,language
'reading' сўзида қайси қўшимча бор?,ed,ing,er,ly,1,medium,language
'writing' сўзида қайси қўшимча бор?,er,ing,ly,ed,1,medium,language
'playing' сўзида қайси қўшимча бор?,ly,ed,er,ing,3,medium,language
'working' сўзида қайси қўшимча бор?,ing,ed,ly,er,0,medium,language
'running' сўзида қайси қўшимча бор?,ly,ing,ed,er,1,medium,language
'reading' сўзида қайси қўшимча бор?,ly,ed,er,ing,3,medium,language
'writing' сўзида қайси қўшимча бор?,ed,er,ing,ly,2,medium,language
'playing' сўзида қайси қўшимча бор?,ly,ed,er,ing,3,medium,language
'working' сўзида қайси қўшимча бор?,er,ly,ed,ing,3,medium,language
'running' сўзида қайси қўшимча бор?,ing,er,ed,ly,0,medium,language
'reading' сўзида қайси қўшимча бор?,ed,er,ly,ing,3,medium,language
'writing' сўзида қайси қўшимча бор?,ed,ing,er,ly,1,medium,language
'playing' сўзида қайси қўшимча бор?,ing,ed,er,ly,0,medium,language
'working' сўзида қайси қўшимча бор?,ed,er,ing,ly,2,medium,language
'running' сўзида қайси қўшимча бор?,ly,er,ed,ing,3,medium,language
'reading' сўзида қайси қўшимча бор?,ing,ly,ed,er,0,medium,language
'writing' сўзида қайси қўшимча бор?,ing,er,ly,ed,0,medium,language
'playing' сўзида қайси қўшимча бор?,ed,er,ing,ly,2,medium,language
'working' сўзида қайси қўшимча бор?,ed,ly,ing,er,2,medium,language
'running' сўзида қайси қўшимча бор?,ly,ed,ing,er,2,medium,language
'reading' сўзида қайси қўшимча бор?,er,ing,ly,ed,1,medium,language
'writing' сўзида қайси қўшимча бор?,ing,ed,ly,er,0,medium,language
'playing' сўзида қайси қўшимча бор?,er,ing,ed,ly,1,medium,language
'working' сўзида қайси қўшимча бор?,er,ly,ing,ed,2,medium,language
'running' сўзида қайси қўшимча бор?,ed,ing,er,ly,1,medium,language
'reading' сўзида қайси қўшимча бор?,ing,ed,ly,er,0,medium,language
'writing' сўзида қайси қўшимча бор?,ly,ing,ed,er,1,medium,language
'playing' сўзида қайси қўшимча бор?,er,ed,ing,ly,2,medium,language
'working' сўзида қайси қўшимча бор?,ing,er,ly,ed,0,medium,language
Сув неча градусда қаяшни бошлайди?,120,50,90,100,3,easy,science
Ер Қуёш атрофини тахминан неча кунда айланади?,600,180,30,365,3,easy,science
Одам нафас олиш учун асосан қайси газ керак?,Углерод,Гелий,Азот,Кислород,3,easy,science
Қуёш нима?,Юлдуз,Сайёра,Комета,Спутник,0,easy,science
Ўсимликлар яшил рангни асосан нима туфайли олади?,Кальций,Оксид,Темир,Хлорофилл,3,easy,science
Сув неча градусда қаяшни бошлайди?,100,90,50,120,0,easy,science
Ер Қуёш атрофини тахминан неча кунда айланади?,600,30,365,180,2,easy,science
Одам нафас олиш учун асосан қайси газ керак?,Гелий,Азот,Углерод,Кислород,3,easy,science
Қуёш нима?,Сайёра,Юлдуз,Спутник,Комета,1,easy,science
Ўсимликлар яшил рангни асосан нима туфайли олади?,Оксид,Кальций,Хлорофилл,Темир,2,easy,science
Сув неча градусда қаяшни бошлайди?,50,100,120,90,1,easy,science
Ер Қуёш атрофини тахминан неча кунда айланади?,365,600,30,180,0,easy,science
Одам нафас олиш учун асосан қайси газ керак?,Гелий,Углерод,Азот,Кислород,3,easy,science
Қуёш нима?,Комета,Спутник,Юлдуз,Сайёра,2,easy,science
Ўсимликлар яшил рангни асосан нима туфайли олади?,Оксид,Хлорофилл,Темир,Кальций,1,easy,science
Сув неча градусда қаяшни бошлайди?,90,120,50,100,3,easy,science
Ер Қуёш атрофини тахминан неча кунда айланади?,365,30,600,180,0,easy,science
Одам нафас олиш учун асосан қайси газ керак?,Углерод,Кислород,Азот,Гелий,1,easy,science
Қуёш нима?,Сайёра,Комета,Юлдуз,Спутник,2,easy,science
Ўсимликлар яшил рангни асосан нима туфайли олади?,Темир,Оксид,Кальций,Хлорофилл,3,easy,science
Сув неча градусда қаяшни бошлайди?,100,50,90,120,0,easy,science
Ер Қуёш атрофини тахминан неча кунда айланади?,365,600,180,30,0,easy,science
Одам нафас олиш учун асосан қайси газ керак?,Кислород,Углерод,Азот,Гелий,0,easy,science
Қуёш нима?,Спутник,Юлдуз,Сайёра,Комета,1,easy,science
Ўсимликлар яшил рангни асосан нима туфайли олади?,Хлорофилл,Оксид,Кальций,Темир,0,easy,science
Сув неча градусда қаяшни бошлайди?,90,100,50,120,1,easy,science
Ер Қуёш атрофини тахминан неча кунда айланади?,30,600,180,365,3,easy,science
Одам нафас олиш учун асосан қайси газ керак?,Гелий,Азот,Кислород,Углерод,2,easy,science
Қуёш нима?,Комета,Юлдуз,Спутник,Сайёра,1,easy,science
Ўсимликлар яшил рангни асосан нима туфайли олади?,Темир,Оксид,Кальций,Хлорофилл,3,easy,science
Сув неча градусда қаяшни бошлайди?,100,90,50,120,0,easy,science
Ер Қуёш атрофини тахминан неча кунда айланади?,365,600,30,180,0,easy,science
Одам нафас олиш учун асосан қайси газ керак?,Кислород,Азот,Углерод,Гелий,0,easy,science
Қуёш нима?,Спутник,Сайёра,Юлдуз,Комета,2,easy,science
Ўсимликлар яшил рангни асосан нима туфайли олади?,Хлорофилл,Оксид,Темир,Кальций,0,easy,science
Сув неча градусда қаяшни бошлайди?,120,90,50,100,3,easy,science
Ер Қуёш атрофини тахминан неча кунда айланади?,600,365,30,180,1,easy,science
Одам нафас олиш учун асосан қайси газ керак?,Углерод,Кислород,Азот,Гелий,1,easy,science
Қуёш нима?,Сайёра,Спутник,Комета,Юлдуз,3,easy,science
Ўсимликлар яшил рангни асосан нима туфайли олади?,Кальций,Оксид,Хлорофилл,Темир,2,easy,science
Сув неча градусда қаяшни бошлайди?,50,100,120,90,1,easy,science
Ер Қуёш атрофини тахминан неча кунда айланади?,365,30,600,180,0,easy,science
Одам нафас олиш учун асосан қайси газ керак?,Азот,Углерод,Кислород,Гелий,2,easy,science
Қуёш нима?,Комета,Сайёра,Юлдуз,Спутник,2,easy,science
Ўсимликлар яшил рангни асосан нима туфайли олади?,Темир,Хлорофилл,Оксид,Кальций,1,easy,science
Сув неча градусда қаяшни бошлайди?,90,100,120,50,1,easy,science
Ер Қуёш атрофини тахминан неча кунда айланади?,600,365,30,180,1,easy,science
Одам нафас олиш учун асосан қайси газ керак?,Кислород,Азот,Гелий,Углерод,0,easy,science
Қуёш нима?,Спутник,Комета,Сайёра,Юлдуз,3,easy,science
Ўсимликлар яшил рангни асосан нима туфайли олади?,Кальций,Хлорофилл,Темир,Оксид,1,easy,science
Сув неча градусда қаяшни бошлайди?,90,120,50,100,3,easy,science
Ер Қуёш атрофини тахминан неча кунда айланади?,180,600,365,30,2,easy,science
Одам нафас олиш учун асосан қайси газ керак?,Гелий,Углерод,Азот,Кислород,3,easy,science
Қуёш нима?,Комета,Юлдуз,Сайёра,Спутник,1,easy,science
Ўсимликлар яшил рангни асосан нима туфайли олади?,Кальций,Оксид,Темир,Хлорофилл,3,easy,science
Сув неча градусда қаяшни бошлайди?,90,100,120,50,1,easy,science
Ер Қуёш атрофини тахминан неча кунда айланади?,365,600,30,180,0,easy,science
Одам нафас олиш учун асосан қайси газ керак?,Гелий,Азот,Углерод,Кислород,3,easy,science
Қуёш нима?,Комета,Юлдуз,Сайёра,Спутник,1,easy,science
Ўсимликлар яшил рангни асосан нима туфайли олади?,Темир,Оксид,Хлорофилл,Кальций,2,easy,science
Сув неча градусда қаяшни бошлайди?,100,50,120,90,0,medium,science
Ер Қуёш атрофини тахминан неча кунда айланади?,600,180,365,30,2,medium,science
Одам нафас олиш учун асосан қайси газ керак?,Гелий,Кислород,Углерод,Азот,1,medium,science
Қуёш нима?,Юлдуз,Комета,Сайёра,Спутник,0,medium,science
Ўсимликлар яшил рангни асосан нима туфайли олади?,Хлорофилл,Кальций,Темир,Оксид,0,medium,science
Сув неча градусда қаяшни бошлайди?,90,100,50,120,1,medium,science
Ер Қуёш атрофини тахминан неча кунда айланади?,30,365,600,180,1,medium,science
Одам нафас олиш учун асосан қайси газ керак?,Гелий,Азот,Кислород,Углерод,2,medium,science
Қуёш нима?,Комета,Спутник,Юлдуз,Сайёра,2,medium,science
Ўсимликлар яшил рангни асосан нима туфайли олади?,Хлорофилл,Темир,Кальций,Оксид,0,medium,science
Сув неча градусда қаяшни бошлайди?,120,90,50,100,3,medium,science
Ер Қуёш атрофини тахминан неча кунда айланади?,180,600,30,365,3,medium,science
Одам нафас олиш учун асосан қайси газ керак?,Кислород,Гелий,Углерод,Азот,0,medium,science
Қуёш нима?,Комета,Сайёра,Спутник,Юлдуз,3,medium,science
Ўсимликлар яшил рангни асосан нима туфайли олади?,Темир,Кальций,Оксид,Хлорофилл,3,medium,science
Сув неча градусда қаяшни бошлайди?,120,50,90,100,3,medium,science
Ер Қуёш атрофини тахминан неча кунда айланади?,600,180,365,30,2,medium,science
Одам нафас олиш учун асосан қайси газ керак?,Гелий,Азот,Углерод,Кислород,3,medium,science
Қуёш нима?,Комета,Юлдуз,Сайёра,Спутник,1,medium,science
Ўсимликлар яшил рангни асосан нима туфайли олади?,Оксид,Хлорофилл,Темир,Кальций,1,medium,science
Сув неча градусда қаяшни бошлайди?,100,120,90,50,0,medium,science
Ер Қуёш атрофини тахминан неча кунда айланади?,30,365,180,600,1,medium,science
Одам нафас олиш учун асосан қайси газ керак?,Гелий,Кислород,Азот,Углерод,1,medium,science
Қуёш нима?,Комета,Спутник,Юлдуз,Сайёра,2,medium,science
Ўсимликлар яшил рангни асосан нима туфайли олади?,Темир,Хлорофилл,Кальций,Оксид,1,medium,science
Сув неча градусда қаяшни бошлайди?,120,100,50,90,1,medium,science
Ер Қуёш атрофини тахминан неча кунда айланади?,180,365,600,30,1,medium,science
Одам нафас олиш учун асосан қайси газ керак?,Углерод,Гелий,Азот,Кислород,3,medium,science
Қуёш нима?,Спутник,Юлдуз,Комета,Сайёра,1,medium,science
Ўсимликлар яшил рангни асосан нима туфайли олади?,Темир,Оксид,Хлорофилл,Кальций,2,medium,science
Сув неча градусда қаяшни бошлайди?,50,120,100,90,2,medium,science
Ер Қуёш атрофини тахминан неча кунда айланади?,180,600,30,365,3,medium,science
Одам нафас олиш учун асосан қайси газ керак?,Кислород,Азот,Углерод,Гелий,0,medium,science
Қуёш нима?,Комета,Юлдуз,Спутник,Сайёра,1,medium,science
Ўсимликлар яшил рангни асосан нима туфайли олади?,Хлорофилл,Темир,Оксид,Кальций,0,medium,science
Сув неча градусда қаяшни бошлайди?,120,100,50,90,1,medium,science
Ер Қуёш атрофини тахминан неча кунда айланади?,30,365,600,180,1,medium,science
Одам нафас олиш учун асосан қайси газ керак?,Углерод,Азот,Кислород,Гелий,2,medium,science
Қуёш нима?,Комета,Юлдуз,Сайёра,Спутник,1,medium,science
Ўсимликлар яшил рангни асосан нима туфайли олади?,Оксид,Кальций,Темир,Хлорофилл,3,medium,science
