question,option_a,option_b,option_c,option_d,correct
"Олдида тишлари бор, лекин овқат емайди. Бу нима?",Пичоқ,Қайчи,Чангак,Тарақ,D
"Жумбоқ: Олдида тишлари бор, лекин овқат емайди. Нима деб ўйлайсиз?",Чангак,Пичоқ,Тарақ,Қайчи,C
"Мантиқли савол: Олдида тишлари бор, лекин овқат емайди. Тўғри жавобни топинг.",Қайчи,Чангак,Пичоқ,Тарақ,D
"Топинг: Олдида тишлари бор, лекин овқат емайди. Жавоб қайси?",Қайчи,Пичоқ,Тарақ,Чангак,C
"Қуйидаги саволга жавоб беринг: Олдида тишлари бор, лекин овқат емайди. Қайси жавоб тўғри?",Қайчи,Пичоқ,Чангак,Тарақ,D
"Ўйлаб кўринг: Олдида тишлари бор, лекин овқат емайди. Бу нима?",Қайчи,Чангак,Пичоқ,Тарақ,D
"Тезкор савол: Олдида тишлари бор, лекин овқат емайди. Нима деб ўйлайсиз?",Пичоқ,Қайчи,Тарақ,Чангак,C
"Оддий савол: Олдида тишлари бор, лекин овқат емайди. Тўғри жавобни топинг.",Қайчи,Чангак,Тарақ,Пичоқ,C
"Эътибор билан ўқинг: Олдида тишлари бор, лекин овқат емайди. Жавоб қайси?",Тарақ,Пичоқ,Қайчи,Чангак,A
"Савол: Олдида тишлари бор, лекин овқат емайди. Қайси жавоб тўғри?",Пичоқ,Чангак,Тарақ,Қайчи,C
"Кўзи бор, лекин кўрмайди. Бу нима?",Қалам,Тугма,Мих,Игна,D
"Жумбоқ: Кўзи бор, лекин кўрмайди. Нима деб ўйлайсиз?",Мих,Қалам,Тугма,Игна,D
"Мантиқли савол: Кўзи бор, лекин кўрмайди. Тўғри жавобни топинг.",Мих,Тугма,Игна,Қалам,C
"Топинг: Кўзи бор, лекин кўрмайди. Жавоб қайси?",Қалам,Мих,Тугма,Игна,D
"Қуйидаги саволга жавоб беринг: Кўзи бор, лекин кўрмайди. Қайси жавоб тўғри?",Игна,Тугма,Мих,Қалам,A
"Ўйлаб кўринг: Кўзи бор, лекин кўрмайди. Бу нима?",Мих,Игна,Қалам,Тугма,B
"Тезкор савол: Кўзи бор, лекин кўрмайди. Нима деб ўйлайсиз?",Тугма,Мих,Қалам,Игна,D
"Оддий савол: Кўзи бор, лекин кўрмайди. Тўғри жавобни топинг.",Тугма,Мих,Игна,Қалам,C
"Эътибор билан ўқинг: Кўзи бор, лекин кўрмайди. Жавоб қайси?",Мих,Қалам,Тугма,Игна,D
"Савол: Кўзи бор, лекин кўрмайди. Қайси жавоб тўғри?",Игна,Тугма,Қалам,Мих,A
"Қўли бор, лекин ушлай олмайди. Бу нима?",Соат,Қулф,Китоб,Телефон,A
"Жумбоқ: Қўли бор, лекин ушлай олмайди. Нима деб ўйлайсиз?",Соат,Китоб,Қулф,Телефон,A
"Мантиқли савол: Қўли бор, лекин ушлай олмайди. Тўғри жавобни топинг.",Телефон,Китоб,Қулф,Соат,D
"Топинг: Қўли бор, лекин ушлай олмайди. Жавоб қайси?",Қулф,Китоб,Соат,Телефон,C
"Қуйидаги саволга жавоб беринг: Қўли бор, лекин ушлай олмайди. Қайси жавоб тўғри?",Қулф,Соат,Телефон,Китоб,B
"Ўйлаб кўринг: Қўли бор, лекин ушлай олмайди. Бу нима?",Телефон,Китоб,Соат,Қулф,C
"Тезкор савол: Қўли бор, лекин ушлай олмайди. Нима деб ўйлайсиз?",Китоб,Қулф,Телефон,Соат,D
"Оддий савол: Қўли бор, лекин ушлай олмайди. Тўғри жавобни топинг.",Телефон,Китоб,Соат,Қулф,C
"Эътибор билан ўқинг: Қўли бор, лекин ушлай олмайди. Жавоб қайси?",Китоб,Телефон,Соат,Қулф,C
"Савол: Қўли бор, лекин ушлай олмайди. Қайси жавоб тўғри?",Соат,Телефон,Қулф,Китоб,A
"Қанотсиз учади, қўлсиз уради. Бу нима?",Қор,Шамол,Туман,Булут,B
"Жумбоқ: Қанотсиз учади, қўлсиз уради. Нима деб ўйлайсиз?",Шамол,Туман,Қор,Булут,A
"Мантиқли савол: Қанотсиз учади, қўлсиз уради. Тўғри жавобни топинг.",Шамол,Булут,Қор,Туман,A
"Топинг: Қанотсиз учади, қўлсиз уради. Жавоб қайси?",Булут,Туман,Шамол,Қор,C
"Қуйидаги саволга жавоб беринг: Қанотсиз учади, қўлсиз уради. Қайси жавоб тўғри?",Булут,Қор,Шамол,Туман,C
"Ўйлаб кўринг: Қанотсиз учади, қўлсиз уради. Бу нима?",Булут,Қор,Туман,Шамол,D
"Тезкор савол: Қанотсиз учади, қўлсиз уради. Нима деб ўйлайсиз?",Булут,Шамол,Қор,Туман,B
"Оддий савол: Қанотсиз учади, қўлсиз уради. Тўғри жавобни топинг.",Шамол,Қор,Булут,Туман,A
"Эътибор билан ўқинг: Қанотсиз учади, қўлсиз уради. Жавоб қайси?",Булут,Шамол,Туман,Қор,B
"Савол: Қанотсиз учади, қўлсиз уради. Қайси жавоб тўғри?",Туман,Булут,Қор,Шамол,D
"Қанотсиз учади, оғизсиз йиғлайди. Бу нима?",Туман,Шамол,Булут,Қор,C
"Жумбоқ: Қанотсиз учади, оғизсиз йиғлайди. Нима деб ўйлайсиз?",Қор,Шамол,Булут,Туман,C
"Мантиқли савол: Қанотсиз учади, оғизсиз йиғлайди. Тўғри жавобни топинг.",Туман,Шамол,Қор,Булут,D
"Топинг: Қанотсиз учади, оғизсиз йиғлайди. Жавоб қайси?",Туман,Булут,Қор,Шамол,B
"Қуйидаги саволга жавоб беринг: Қанотсиз учади, оғизсиз йиғлайди. Қайси жавоб тўғри?",Шамол,Булут,Туман,Қор,B
"Ўйлаб кўринг: Қанотсиз учади, оғизсиз йиғлайди. Бу нима?",Қор,Булут,Туман,Шамол,B
"Тезкор савол: Қанотсиз учади, оғизсиз йиғлайди. Нима деб ўйлайсиз?",Туман,Шамол,Қор,Булут,D
"Оддий савол: Қанотсиз учади, оғизсиз йиғлайди. Тўғри жавобни топинг.",Шамол,Қор,Булут,Туман,C
"Эътибор билан ўқинг: Қанотсиз учади, оғизсиз йиғлайди. Жавоб қайси?",Туман,Булут,Шамол,Қор,B
"Савол: Қанотсиз учади, оғизсиз йиғлайди. Қайси жавоб тўғри?",Шамол,Қор,Туман,Булут,D
"Қишда тушади, ёзда йўқолади. Бу нима?",Туз,Ёмғир,Шудринг,Қор,D
"Жумбоқ: Қишда тушади, ёзда йўқолади. Нима деб ўйлайсиз?",Ёмғир,Туз,Шудринг,Қор,D
"Мантиқли савол: Қишда тушади, ёзда йўқолади. Тўғри жавобни топинг.",Қор,Туз,Шудринг,Ёмғир,A
"Топинг: Қишда тушади, ёзда йўқолади. Жавоб қайси?",Қор,Шудринг,Туз,Ёмғир,A
"Қуйидаги саволга жавоб беринг: Қишда тушади, ёзда йўқолади. Қайси жавоб тўғри?",Туз,Қор,Шудринг,Ёмғир,B
"Ўйлаб кўринг: Қишда тушади, ёзда йўқолади. Бу нима?",Қор,Туз,Ёмғир,Шудринг,A
"Тезкор савол: Қишда тушади, ёзда йўқолади. Нима деб ўйлайсиз?",Қор,Ёмғир,Шудринг,Туз,A
"Оддий савол: Қишда тушади, ёзда йўқолади. Тўғри жавобни топинг.",Ёмғир,Шудринг,Туз,Қор,D
"Эътибор билан ўқинг: Қишда тушади, ёзда йўқолади. Жавоб қайси?",Шудринг,Туз,Ёмғир,Қор,D
"Савол: Қишда тушади, ёзда йўқолади. Қайси жавоб тўғри?",Туз,Қор,Шудринг,Ёмғир,B
"Оқ, сувга тушса йўқолади. Бу нима?",Шакар,Қор,Ун,Туз,D
"Жумбоқ: Оқ, сувга тушса йўқолади. Нима деб ўйлайсиз?",Ун,Қор,Туз,Шакар,C
"Мантиқли савол: Оқ, сувга тушса йўқолади. Тўғри жавобни топинг.",Шакар,Ун,Туз,Қор,C
"Топинг: Оқ, сувга тушса йўқолади. Жавоб қайси?",Туз,Шакар,Ун,Қор,A
"Қуйидаги саволга жавоб беринг: Оқ, сувга тушса йўқолади. Қайси жавоб тўғри?",Ун,Туз,Қор,Шакар,B
"Ўйлаб кўринг: Оқ, сувга тушса йўқолади. Бу нима?",Қор,Шакар,Туз,Ун,C
"Тезкор савол: Оқ, сувга тушса йўқолади. Нима деб ўйлайсиз?",Шакар,Қор,Туз,Ун,C
"Оддий савол: Оқ, сувга тушса йўқолади. Тўғри жавобни топинг.",Ун,Шакар,Қор,Туз,D
"Эътибор билан ўқинг: Оқ, сувга тушса йўқолади. Жавоб қайси?",Туз,Ун,Шакар,Қор,A
"Савол: Оқ, сувга тушса йўқолади. Қайси жавоб тўғри?",Шакар,Туз,Қор,Ун,B
"Ўзи гапирмайди, лекин гап етказади. Бу нима?",Радио,Соат,Китоб,Телефон,D
"Жумбоқ: Ўзи гапирмайди, лекин гап етказади. Нима деб ўйлайсиз?",Соат,Китоб,Телефон,Радио,C
"Мантиқли савол: Ўзи гапирмайди, лекин гап етказади. Тўғри жавобни топинг.",Радио,Китоб,Телефон,Соат,C
"Топинг: Ўзи гапирмайди, лекин гап етказади. Жавоб қайси?",Радио,Телефон,Китоб,Соат,B
"Қуйидаги саволга жавоб беринг: Ўзи гапирмайди, лекин гап етказади. Қайси жавоб тўғри?",Китоб,Телефон,Соат,Радио,B
"Ўйлаб кўринг: Ўзи гапирмайди, лекин гап етказади. Бу нима?",Радио,Китоб,Соат,Телефон,D
"Тезкор савол: Ўзи гапирмайди, лекин гап етказади. Нима деб ўйлайсиз?",Соат,Китоб,Радио,Телефон,D
"Оддий савол: Ўзи гапирмайди, лекин гап етказади. Тўғри жавобни топинг.",Соат,Радио,Китоб,Телефон,D
"Эътибор билан ўқинг: Ўзи гапирмайди, лекин гап етказади. Жавоб қайси?",Телефон,Радио,Соат,Китоб,A
"Савол: Ўзи гапирмайди, лекин гап етказади. Қайси жавоб тўғри?",Радио,Телефон,Китоб,Соат,B
"Оғзи йўқ, мингта гап айтади. Бу нима?",Телефон,Китоб,Хат,Дафтар,B
"Жумбоқ: Оғзи йўқ, мингта гап айтади. Нима деб ўйлайсиз?",Китоб,Телефон,Дафтар,Хат,A
"Мантиқли савол: Оғзи йўқ, мингта гап айтади. Тўғри жавобни топинг.",Китоб,Хат,Дафтар,Телефон,A
"Топинг: Оғзи йўқ, мингта гап айтади. Жавоб қайси?",Телефон,Хат,Китоб,Дафтар,C
"Қуйидаги саволга жавоб беринг: Оғзи йўқ, мингта гап айтади. Қайси жавоб тўғри?",Хат,Телефон,Китоб,Дафтар,C
"Ўйлаб кўринг: Оғзи йўқ, мингта гап айтади. Бу нима?",Дафтар,Хат,Китоб,Телефон,C
"Тезкор савол: Оғзи йўқ, мингта гап айтади. Нима деб ўйлайсиз?",Дафтар,Китоб,Телефон,Хат,B
"Оддий савол: Оғзи йўқ, мингта гап айтади. Тўғри жавобни топинг.",Дафтар,Хат,Телефон,Китоб,D
"Эътибор билан ўқинг: Оғзи йўқ, мингта гап айтади. Жавоб қайси?",Хат,Телефон,Китоб,Дафтар,C
"Савол: Оғзи йўқ, мингта гап айтади. Қайси жавоб тўғри?",Телефон,Китоб,Хат,Дафтар,B
"Юради, лекин оёғи йўқ. Бу нима?",Илон,Дарё,Поезд,Йўл,B
"Жумбоқ: Юради, лекин оёғи йўқ. Нима деб ўйлайсиз?",Илон,Поезд,Йўл,Дарё,D
"Мантиқли савол: Юради, лекин оёғи йўқ. Тўғри жавобни топинг.",Илон,Йўл,Дарё,Поезд,C
"Топинг: Юради, лекин оёғи йўқ. Жавоб қайси?",Дарё,Поезд,Илон,Йўл,A
"Қуйидаги саволга жавоб беринг: Юради, лекин оёғи йўқ. Қайси жавоб тўғри?",Дарё,Илон,Поезд,Йўл,A
"Ўйлаб кўринг: Юради, лекин оёғи йўқ. Бу нима?",Поезд,Дарё,Йўл,Илон,B
"Тезкор савол: Юради, лекин оёғи йўқ. Нима деб ўйлайсиз?",Поезд,Илон,Йўл,Дарё,D
"Оддий савол: Юради, лекин оёғи йўқ. Тўғри жавобни топинг.",Йўл,Илон,Поезд,Дарё,D
"Эътибор билан ўқинг: Юради, лекин оёғи йўқ. Жавоб қайси?",Илон,Йўл,Дарё,Поезд,C
"Савол: Юради, лекин оёғи йўқ. Қайси жавоб тўғри?",Поезд,Йўл,Илон,Дарё,D
"Қишда ечиниб, баҳорда кийинади. Бу нима?",Уй,Гул,Дарахт,Майса,C
"Жумбоқ: Қишда ечиниб, баҳорда кийинади. Нима деб ўйлайсиз?",Гул,Дарахт,Уй,Майса,B
"Мантиқли савол: Қишда ечиниб, баҳорда кийинади. Тўғри жавобни топинг.",Гул,Дарахт,Уй,Майса,B
"Топинг: Қишда ечиниб, баҳорда кийинади. Жавоб қайси?",Майса,Дарахт,Уй,Гул,B
"Қуйидаги саволга жавоб беринг: Қишда ечиниб, баҳорда кийинади. Қайси жавоб тўғри?",Гул,Уй,Майса,Дарахт,D
"Ўйлаб кўринг: Қишда ечиниб, баҳорда кийинади. Бу нима?",Уй,Дарахт,Гул,Майса,B
"Тезкор савол: Қишда ечиниб, баҳорда кийинади. Нима деб ўйлайсиз?",Уй,Гул,Дарахт,Майса,C
"Оддий савол: Қишда ечиниб, баҳорда кийинади. Тўғри жавобни топинг.",Майса,Дарахт,Гул,Уй,B
"Эътибор билан ўқинг: Қишда ечиниб, баҳорда кийинади. Жавоб қайси?",Уй,Гул,Майса,Дарахт,D
"Савол: Қишда ечиниб, баҳорда кийинади. Қайси жавоб тўғри?",Гул,Уй,Дарахт,Майса,C
"Оғзи йўқ, аммо ҳамма нарсани ейди. Бу нима?",Қум,Сув,Олов,Шамол,C
"Жумбоқ: Оғзи йўқ, аммо ҳамма нарсани ейди. Нима деб ўйлайсиз?",Олов,Қум,Шамол,Сув,A
"Мантиқли савол: Оғзи йўқ, аммо ҳамма нарсани ейди. Тўғри жавобни топинг.",Сув,Олов,Шамол,Қум,B
"Топинг: Оғзи йўқ, аммо ҳамма нарсани ейди. Жавоб қайси?",Сув,Шамол,Қум,Олов,D
"Қуйидаги саволга жавоб беринг: Оғзи йўқ, аммо ҳамма нарсани ейди. Қайси жавоб тўғри?",Шамол,Қум,Сув,Олов,D
"Ўйлаб кўринг: Оғзи йўқ, аммо ҳамма нарсани ейди. Бу нима?",Сув,Шамол,Олов,Қум,C
"Тезкор савол: Оғзи йўқ, аммо ҳамма нарсани ейди. Нима деб ўйлайсиз?",Қум,Олов,Сув,Шамол,B
"Оддий савол: Оғзи йўқ, аммо ҳамма нарсани ейди. Тўғри жавобни топинг.",Сув,Қум,Олов,Шамол,C
"Эътибор билан ўқинг: Оғзи йўқ, аммо ҳамма нарсани ейди. Жавоб қайси?",Қум,Шамол,Сув,Олов,D
"Савол: Оғзи йўқ, аммо ҳамма нарсани ейди. Қайси жавоб тўғри?",Қум,Шамол,Олов,Сув,C
"Кечаси чиқади, кундузи яширинади. Бу нима?",Юлдуз,Ой,Фонарь,Қуёш,B
"Жумбоқ: Кечаси чиқади, кундузи яширинади. Нима деб ўйлайсиз?",Ой,Фонарь,Юлдуз,Қуёш,A
"Мантиқли савол: Кечаси чиқади, кундузи яширинади. Тўғри жавобни топинг.",Қуёш,Ой,Юлдуз,Фонарь,B
"Топинг: Кечаси чиқади, кундузи яширинади. Жавоб қайси?",Қуёш,Фонарь,Ой,Юлдуз,C
"Қуйидаги саволга жавоб беринг: Кечаси чиқади, кундузи яширинади. Қайси жавоб тўғри?",Юлдуз,Қуёш,Ой,Фонарь,C
"Ўйлаб кўринг: Кечаси чиқади, кундузи яширинади. Бу нима?",Юлдуз,Фонарь,Ой,Қуёш,C
"Тезкор савол: Кечаси чиқади, кундузи яширинади. Нима деб ўйлайсиз?",Фонарь,Ой,Қуёш,Юлдуз,B
"Оддий савол: Кечаси чиқади, кундузи яширинади. Тўғри жавобни топинг.",Фонарь,Юлдуз,Ой,Қуёш,C
"Эътибор билан ўқинг: Кечаси чиқади, кундузи яширинади. Жавоб қайси?",Ой,Юлдуз,Қуёш,Фонарь,A
"Савол: Кечаси чиқади, кундузи яширинади. Қайси жавоб тўғри?",Фонарь,Юлдуз,Қуёш,Ой,D
"Кечаси бор, кундузи йўқдек. Бу нима?",Юлдуз,Ой,Қуёш,Чироқ,A
"Жумбоқ: Кечаси бор, кундузи йўқдек. Нима деб ўйлайсиз?",Қуёш,Ой,Чироқ,Юлдуз,D
"Мантиқли савол: Кечаси бор, кундузи йўқдек. Тўғри жавобни топинг.",Юлдуз,Чироқ,Қуёш,Ой,A
"Топинг: Кечаси бор, кундузи йўқдек. Жавоб қайси?",Қуёш,Ой,Чироқ,Юлдуз,D
"Қуйидаги саволга жавоб беринг: Кечаси бор, кундузи йўқдек. Қайси жавоб тўғри?",Юлдуз,Ой,Чироқ,Қуёш,A
"Ўйлаб кўринг: Кечаси бор, кундузи йўқдек. Бу нима?",Ой,Юлдуз,Қуёш,Чироқ,B
"Тезкор савол: Кечаси бор, кундузи йўқдек. Нима деб ўйлайсиз?",Ой,Юлдуз,Қуёш,Чироқ,B
"Оддий савол: Кечаси бор, кундузи йўқдек. Тўғри жавобни топинг.",Чироқ,Ой,Юлдуз,Қуёш,C
"Эътибор билан ўқинг: Кечаси бор, кундузи йўқдек. Жавоб қайси?",Ой,Чироқ,Қуёш,Юлдуз,D
"Савол: Кечаси бор, кундузи йўқдек. Қайси жавоб тўғри?",Чироқ,Юлдуз,Ой,Қуёш,B
"Сиз билан юради, лекин тирик эмас. Бу нима?",Соя,Из,Булут,Туман,A
"Жумбоқ: Сиз билан юради, лекин тирик эмас. Нима деб ўйлайсиз?",Булут,Из,Туман,Соя,D
"Мантиқли савол: Сиз билан юради, лекин тирик эмас. Тўғри жавобни топинг.",Соя,Из,Булут,Туман,A
"Топинг: Сиз билан юради, лекин тирик эмас. Жавоб қайси?",Соя,Булут,Из,Туман,A
"Қуйидаги саволга жавоб беринг: Сиз билан юради, лекин тирик эмас. Қайси жавоб тўғри?",Туман,Булут,Соя,Из,C
"Ўйлаб кўринг: Сиз билан юради, лекин тирик эмас. Бу нима?",Из,Соя,Туман,Булут,B
"Тезкор савол: Сиз билан юради, лекин тирик эмас. Нима деб ўйлайсиз?",Булут,Соя,Из,Туман,B
"Оддий савол: Сиз билан юради, лекин тирик эмас. Тўғри жавобни топинг.",Булут,Соя,Из,Туман,B
"Эътибор билан ўқинг: Сиз билан юради, лекин тирик эмас. Жавоб қайси?",Соя,Из,Туман,Булут,A
"Савол: Сиз билан юради, лекин тирик эмас. Қайси жавоб тўғри?",Соя,Туман,Из,Булут,A
"Ўзи юрмайди, лекин юрганнинг ортидан қолади. Бу нима?",Из,Йўл,Чизиқ,Соя,A
"Жумбоқ: Ўзи юрмайди, лекин юрганнинг ортидан қолади. Нима деб ўйлайсиз?",Йўл,Из,Чизиқ,Соя,B
"Мантиқли савол: Ўзи юрмайди, лекин юрганнинг ортидан қолади. Тўғри жавобни топинг.",Из,Соя,Йўл,Чизиқ,A
"Топинг: Ўзи юрмайди, лекин юрганнинг ортидан қолади. Жавоб қайси?",Чизиқ,Соя,Йўл,Из,D
"Қуйидаги саволга жавоб беринг: Ўзи юрмайди, лекин юрганнинг ортидан қолади. Қайси жавоб тўғри?",Йўл,Чизиқ,Из,Соя,C
"Ўйлаб кўринг: Ўзи юрмайди, лекин юрганнинг ортидан қолади. Бу нима?",Соя,Чизиқ,Йўл,Из,D
"Тезкор савол: Ўзи юрмайди, лекин юрганнинг ортидан қолади. Нима деб ўйлайсиз?",Соя,Из,Чизиқ,Йўл,B
"Оддий савол: Ўзи юрмайди, лекин юрганнинг ортидан қолади. Тўғри жавобни топинг.",Чизиқ,Из,Соя,Йўл,B
"Эътибор билан ўқинг: Ўзи юрмайди, лекин юрганнинг ортидан қолади. Жавоб қайси?",Из,Чизиқ,Соя,Йўл,A
"Савол: Ўзи юрмайди, лекин юрганнинг ортидан қолади. Қайси жавоб тўғри?",Йўл,Чизиқ,Из,Соя,C
"Шаҳарлари бор, одамлари йўқ. Бу нима?",Расм,Дафтар,Китоб,Харита,D
"Жумбоқ: Шаҳарлари бор, одамлари йўқ. Нима деб ўйлайсиз?",Харита,Дафтар,Расм,Китоб,A
"Мантиқли савол: Шаҳарлари бор, одамлари йўқ. Тўғри жавобни топинг.",Китоб,Дафтар,Расм,Харита,D
"Топинг: Шаҳарлари бор, одамлари йўқ. Жавоб қайси?",Расм,Дафтар,Китоб,Харита,D
"Қуйидаги саволга жавоб беринг: Шаҳарлари бор, одамлари йўқ. Қайси жавоб тўғри?",Харита,Китоб,Расм,Дафтар,A
"Ўйлаб кўринг: Шаҳарлари бор, одамлари йўқ. Бу нима?",Харита,Китоб,Расм,Дафтар,A
"Тезкор савол: Шаҳарлари бор, одамлари йўқ. Нима деб ўйлайсиз?",Расм,Китоб,Харита,Дафтар,C
"Оддий савол: Шаҳарлари бор, одамлари йўқ. Тўғри жавобни топинг.",Расм,Харита,Китоб,Дафтар,B
"Эътибор билан ўқинг: Шаҳарлари бор, одамлари йўқ. Жавоб қайси?",Харита,Китоб,Дафтар,Расм,A
"Савол: Шаҳарлари бор, одамлари йўқ. Қайси жавоб тўғри?",Харита,Расм,Дафтар,Китоб,A
"Сувдан туғилади, сувда ўлади. Бу нима?",Қор,Туз,Шиша,Муз,D
"Жумбоқ: Сувдан туғилади, сувда ўлади. Нима деб ўйлайсиз?",Муз,Шиша,Қор,Туз,A
"Мантиқли савол: Сувдан туғилади, сувда ўлади. Тўғри жавобни топинг.",Туз,Муз,Қор,Шиша,B
"Топинг: Сувдан туғилади, сувда ўлади. Жавоб қайси?",Қор,Шиша,Муз,Туз,C
"Қуйидаги саволга жавоб беринг: Сувдан туғилади, сувда ўлади. Қайси жавоб тўғри?",Туз,Муз,Шиша,Қор,B
"Ўйлаб кўринг: Сувдан туғилади, сувда ўлади. Бу нима?",Шиша,Қор,Муз,Туз,C
"Тезкор савол: Сувдан туғилади, сувда ўлади. Нима деб ўйлайсиз?",Муз,Шиша,Туз,Қор,A
"Оддий савол: Сувдан туғилади, сувда ўлади. Тўғри жавобни топинг.",Туз,Шиша,Муз,Қор,C
"Эътибор билан ўқинг: Сувдан туғилади, сувда ўлади. Жавоб қайси?",Шиша,Муз,Туз,Қор,B
"Савол: Сувдан туғилади, сувда ўлади. Қайси жавоб тўғри?",Шиша,Муз,Туз,Қор,B
"Ичи тўла сув, ўзи сув ичмайди. Бу нима?",Тарвуз,Чойнак,Қовун,Қозон,A
"Жумбоқ: Ичи тўла сув, ўзи сув ичмайди. Нима деб ўйлайсиз?",Қовун,Тарвуз,Қозон,Чойнак,B
"Мантиқли савол: Ичи тўла сув, ўзи сув ичмайди. Тўғри жавобни топинг.",Қозон,Қовун,Тарвуз,Чойнак,C
"Топинг: Ичи тўла сув, ўзи сув ичмайди. Жавоб қайси?",Қозон,Тарвуз,Қовун,Чойнак,B
"Қуйидаги саволга жавоб беринг: Ичи тўла сув, ўзи сув ичмайди. Қайси жавоб тўғри?",Тарвуз,Қозон,Қовун,Чойнак,A
"Ўйлаб кўринг: Ичи тўла сув, ўзи сув ичмайди. Бу нима?",Қозон,Тарвуз,Чойнак,Қовун,B
"Тезкор савол: Ичи тўла сув, ўзи сув ичмайди. Нима деб ўйлайсиз?",Қозон,Чойнак,Қовун,Тарвуз,D
"Оддий савол: Ичи тўла сув, ўзи сув ичмайди. Тўғри жавобни топинг.",Чойнак,Қовун,Қозон,Тарвуз,D
"Эътибор билан ўқинг: Ичи тўла сув, ўзи сув ичмайди. Жавоб қайси?",Қозон,Тарвуз,Чойнак,Қовун,B
"Савол: Ичи тўла сув, ўзи сув ичмайди. Қайси жавоб тўғри?",Чойнак,Қозон,Қовун,Тарвуз,D
"Оғзи йўқ, лекин эшикни ёпади. Бу нима?",Тугма,Калит,Қулф,Эшик,C
"Жумбоқ: Оғзи йўқ, лекин эшикни ёпади. Нима деб ўйлайсиз?",Қулф,Тугма,Калит,Эшик,A
"Мантиқли савол: Оғзи йўқ, лекин эшикни ёпади. Тўғри жавобни топинг.",Қулф,Тугма,Калит,Эшик,A
"Топинг: Оғзи йўқ, лекин эшикни ёпади. Жавоб қайси?",Эшик,Тугма,Калит,Қулф,D
"Қуйидаги саволга жавоб беринг: Оғзи йўқ, лекин эшикни ёпади. Қайси жавоб тўғри?",Эшик,Тугма,Калит,Қулф,D
"Ўйлаб кўринг: Оғзи йўқ, лекин эшикни ёпади. Бу нима?",Калит,Тугма,Эшик,Қулф,D
"Тезкор савол: Оғзи йўқ, лекин эшикни ёпади. Нима деб ўйлайсиз?",Калит,Эшик,Тугма,Қулф,D
"Оддий савол: Оғзи йўқ, лекин эшикни ёпади. Тўғри жавобни топинг.",Калит,Тугма,Эшик,Қулф,D
"Эътибор билан ўқинг: Оғзи йўқ, лекин эшикни ёпади. Жавоб қайси?",Эшик,Тугма,Қулф,Калит,C
"Савол: Оғзи йўқ, лекин эшикни ёпади. Қайси жавоб тўғри?",Калит,Тугма,Эшик,Қулф,D
"Ўзи кичик, катта эшикни очади. Бу нима?",Калит,Қулф,Эшик,Мих,A
"Жумбоқ: Ўзи кичик, катта эшикни очади. Нима деб ўйлайсиз?",Қулф,Мих,Калит,Эшик,C
"Мантиқли савол: Ўзи кичик, катта эшикни очади. Тўғри жавобни топинг.",Эшик,Калит,Мих,Қулф,B
"Топинг: Ўзи кичик, катта эшикни очади. Жавоб қайси?",Мих,Эшик,Қулф,Калит,D
"Қуйидаги саволга жавоб беринг: Ўзи кичик, катта эшикни очади. Қайси жавоб тўғри?",Қулф,Калит,Эшик,Мих,B
"Ўйлаб кўринг: Ўзи кичик, катта эшикни очади. Бу нима?",Қулф,Мих,Эшик,Калит,D
"Тезкор савол: Ўзи кичик, катта эшикни очади. Нима деб ўйлайсиз?",Мих,Қулф,Эшик,Калит,D
"Оддий савол: Ўзи кичик, катта эшикни очади. Тўғри жавобни топинг.",Қулф,Мих,Эшик,Калит,D
"Эътибор билан ўқинг: Ўзи кичик, катта эшикни очади. Жавоб қайси?",Калит,Қулф,Мих,Эшик,A
"Савол: Ўзи кичик, катта эшикни очади. Қайси жавоб тўғри?",Мих,Қулф,Калит,Эшик,C
"Ўзи йиғлаб, атрофни ёритади. Бу нима?",Қуёш,Олов,Лампа,Шам,D
"Жумбоқ: Ўзи йиғлаб, атрофни ёритади. Нима деб ўйлайсиз?",Қуёш,Олов,Лампа,Шам,D
"Мантиқли савол: Ўзи йиғлаб, атрофни ёритади. Тўғри жавобни топинг.",Лампа,Шам,Олов,Қуёш,B
"Топинг: Ўзи йиғлаб, атрофни ёритади. Жавоб қайси?",Олов,Лампа,Шам,Қуёш,C
"Қуйидаги саволга жавоб беринг: Ўзи йиғлаб, атрофни ёритади. Қайси жавоб тўғри?",Шам,Олов,Лампа,Қуёш,A
"Ўйлаб кўринг: Ўзи йиғлаб, атрофни ёритади. Бу нима?",Қуёш,Шам,Лампа,Олов,B
"Тезкор савол: Ўзи йиғлаб, атрофни ёритади. Нима деб ўйлайсиз?",Қуёш,Олов,Лампа,Шам,D
"Оддий савол: Ўзи йиғлаб, атрофни ёритади. Тўғри жавобни топинг.",Шам,Олов,Қуёш,Лампа,A
"Эътибор билан ўқинг: Ўзи йиғлаб, атрофни ёритади. Жавоб қайси?",Қуёш,Лампа,Шам,Олов,C
"Савол: Ўзи йиғлаб, атрофни ёритади. Қайси жавоб тўғри?",Қуёш,Лампа,Шам,Олов,C
Қарасангиз ўзингизни кўрасиз. Бу нима?,Кўзгу,Сув,Расм,Ойна,A
Жумбоқ: Қарасангиз ўзингизни кўрасиз. Нима деб ўйлайсиз?,Кўзгу,Расм,Ойна,Сув,A
Мантиқли савол: Қарасангиз ўзингизни кўрасиз. Тўғри жавобни топинг.,Ойна,Расм,Сув,Кўзгу,D
Топинг: Қарасангиз ўзингизни кўрасиз. Жавоб қайси?,Сув,Ойна,Расм,Кўзгу,D
Қуйидаги саволга жавоб беринг: Қарасангиз ўзингизни кўрасиз. Қайси жавоб тўғри?,Ойна,Кўзгу,Сув,Расм,B
Ўйлаб кўринг: Қарасангиз ўзингизни кўрасиз. Бу нима?,Кўзгу,Ойна,Сув,Расм,A
Тезкор савол: Қарасангиз ўзингизни кўрасиз. Нима деб ўйлайсиз?,Ойна,Сув,Кўзгу,Расм,C
Оддий савол: Қарасангиз ўзингизни кўрасиз. Тўғри жавобни топинг.,Расм,Ойна,Кўзгу,Сув,C
Эътибор билан ўқинг: Қарасангиз ўзингизни кўрасиз. Жавоб қайси?,Кўзгу,Сув,Расм,Ойна,A
Савол: Қарасангиз ўзингизни кўрасиз. Қайси жавоб тўғри?,Кўзгу,Ойна,Сув,Расм,A
"Икки оғзи бор, лекин гапирмайди. Бу нима?",Қайчи,Тарақ,Пичоқ,Игна,A
"Жумбоқ: Икки оғзи бор, лекин гапирмайди. Нима деб ўйлайсиз?",Қайчи,Тарақ,Игна,Пичоқ,A
"Мантиқли савол: Икки оғзи бор, лекин гапирмайди. Тўғри жавобни топинг.",Қайчи,Игна,Тарақ,Пичоқ,A
"Топинг: Икки оғзи бор, лекин гапирмайди. Жавоб қайси?",Игна,Пичоқ,Қайчи,Тарақ,C
"Қуйидаги саволга жавоб беринг: Икки оғзи бор, лекин гапирмайди. Қайси жавоб тўғри?",Тарақ,Игна,Қайчи,Пичоқ,C
"Ўйлаб кўринг: Икки оғзи бор, лекин гапирмайди. Бу нима?",Пичоқ,Игна,Қайчи,Тарақ,C
"Тезкор савол: Икки оғзи бор, лекин гапирмайди. Нима деб ўйлайсиз?",Қайчи,Тарақ,Игна,Пичоқ,A
"Оддий савол: Икки оғзи бор, лекин гапирмайди. Тўғри жавобни топинг.",Пичоқ,Тарақ,Игна,Қайчи,D
"Эътибор билан ўқинг: Икки оғзи бор, лекин гапирмайди. Жавоб қайси?",Пичоқ,Қайчи,Игна,Тарақ,B
"Савол: Икки оғзи бор, лекин гапирмайди. Қайси жавоб тўғри?",Тарақ,Игна,Қайчи,Пичоқ,C
"Боши бор, лекин мияси йўқ. Бу нима?",Саримсоқ,Сабзи,Пиёз,Карам,C
"Жумбоқ: Боши бор, лекин мияси йўқ. Нима деб ўйлайсиз?",Саримсоқ,Пиёз,Сабзи,Карам,B
"Мантиқли савол: Боши бор, лекин мияси йўқ. Тўғри жавобни топинг.",Саримсоқ,Карам,Пиёз,Сабзи,C
"Топинг: Боши бор, лекин мияси йўқ. Жавоб қайси?",Пиёз,Сабзи,Саримсоқ,Карам,A
"Қуйидаги саволга жавоб беринг: Боши бор, лекин мияси йўқ. Қайси жавоб тўғри?",Карам,Пиёз,Саримсоқ,Сабзи,B
"Ўйлаб кўринг: Боши бор, лекин мияси йўқ. Бу нима?",Сабзи,Карам,Саримсоқ,Пиёз,D
"Тезкор савол: Боши бор, лекин мияси йўқ. Нима деб ўйлайсиз?",Карам,Саримсоқ,Сабзи,Пиёз,D
"Оддий савол: Боши бор, лекин мияси йўқ. Тўғри жавобни топинг.",Саримсоқ,Карам,Пиёз,Сабзи,C
"Эътибор билан ўқинг: Боши бор, лекин мияси йўқ. Жавоб қайси?",Карам,Сабзи,Пиёз,Саримсоқ,C
"Савол: Боши бор, лекин мияси йўқ. Қайси жавоб тўғри?",Саримсоқ,Карам,Сабзи,Пиёз,D
"Қанча кўп олсангиз, у шунча катталашади. Бу нима?",Қоп,Тешик,Қудуқ,Эшик,B
"Жумбоқ: Қанча кўп олсангиз, у шунча катталашади. Нима деб ўйлайсиз?",Тешик,Қудуқ,Қоп,Эшик,A
"Мантиқли савол: Қанча кўп олсангиз, у шунча катталашади. Тўғри жавобни топинг.",Тешик,Қоп,Эшик,Қудуқ,A
"Топинг: Қанча кўп олсангиз, у шунча катталашади. Жавоб қайси?",Қоп,Тешик,Эшик,Қудуқ,B
"Қуйидаги саволга жавоб беринг: Қанча кўп олсангиз, у шунча катталашади. Қайси жавоб тўғри?",Қоп,Қудуқ,Эшик,Тешик,D
"Ўйлаб кўринг: Қанча кўп олсангиз, у шунча катталашади. Бу нима?",Қоп,Тешик,Эшик,Қудуқ,B
"Тезкор савол: Қанча кўп олсангиз, у шунча катталашади. Нима деб ўйлайсиз?",Эшик,Қудуқ,Тешик,Қоп,C
"Оддий савол: Қанча кўп олсангиз, у шунча катталашади. Тўғри жавобни топинг.",Қоп,Қудуқ,Эшик,Тешик,D
"Эътибор билан ўқинг: Қанча кўп олсангиз, у шунча катталашади. Жавоб қайси?",Тешик,Қудуқ,Қоп,Эшик,A
"Савол: Қанча кўп олсангиз, у шунча катталашади. Қайси жавоб тўғри?",Қоп,Эшик,Тешик,Қудуқ,C
"Осмондан тушади, ерни ҳўллайди. Бу нима?",Ёмғир,Қор,Шамол,Туман,A
"Жумбоқ: Осмондан тушади, ерни ҳўллайди. Нима деб ўйлайсиз?",Қор,Туман,Ёмғир,Шамол,C
"Мантиқли савол: Осмондан тушади, ерни ҳўллайди. Тўғри жавобни топинг.",Қор,Ёмғир,Шамол,Туман,B
"Топинг: Осмондан тушади, ерни ҳўллайди. Жавоб қайси?",Қор,Туман,Ёмғир,Шамол,C
"Қуйидаги саволга жавоб беринг: Осмондан тушади, ерни ҳўллайди. Қайси жавоб тўғри?",Туман,Ёмғир,Шамол,Қор,B
"Ўйлаб кўринг: Осмондан тушади, ерни ҳўллайди. Бу нима?",Қор,Туман,Шамол,Ёмғир,D
"Тезкор савол: Осмондан тушади, ерни ҳўллайди. Нима деб ўйлайсиз?",Ёмғир,Қор,Шамол,Туман,A
"Оддий савол: Осмондан тушади, ерни ҳўллайди. Тўғри жавобни топинг.",Туман,Қор,Ёмғир,Шамол,C
"Эътибор билан ўқинг: Осмондан тушади, ерни ҳўллайди. Жавоб қайси?",Ёмғир,Қор,Шамол,Туман,A
"Савол: Осмондан тушади, ерни ҳўллайди. Қайси жавоб тўғри?",Ёмғир,Қор,Шамол,Туман,A
"Кундузи чиқиб, ерни ёритади. Бу нима?",Ой,Шам,Қуёш,Юлдуз,C
"Жумбоқ: Кундузи чиқиб, ерни ёритади. Нима деб ўйлайсиз?",Қуёш,Ой,Шам,Юлдуз,A
"Мантиқли савол: Кундузи чиқиб, ерни ёритади. Тўғри жавобни топинг.",Ой,Юлдуз,Қуёш,Шам,C
"Топинг: Кундузи чиқиб, ерни ёритади. Жавоб қайси?",Юлдуз,Қуёш,Шам,Ой,B
"Қуйидаги саволга жавоб беринг: Кундузи чиқиб, ерни ёритади. Қайси жавоб тўғри?",Ой,Қуёш,Юлдуз,Шам,B
"Ўйлаб кўринг: Кундузи чиқиб, ерни ёритади. Бу нима?",Қуёш,Шам,Юлдуз,Ой,A
"Тезкор савол: Кундузи чиқиб, ерни ёритади. Нима деб ўйлайсиз?",Юлдуз,Ой,Қуёш,Шам,C
"Оддий савол: Кундузи чиқиб, ерни ёритади. Тўғри жавобни топинг.",Шам,Ой,Қуёш,Юлдуз,C
"Эътибор билан ўқинг: Кундузи чиқиб, ерни ёритади. Жавоб қайси?",Қуёш,Юлдуз,Ой,Шам,A
"Савол: Кундузи чиқиб, ерни ёритади. Қайси жавоб тўғри?",Ой,Қуёш,Юлдуз,Шам,B
"Оғзи бор, лекин гапирмайди; киритади ва чиқаради. Бу нима?",Эшик,Қулф,Парда,Дераза,A
"Жумбоқ: Оғзи бор, лекин гапирмайди; киритади ва чиқаради. Нима деб ўйлайсиз?",Эшик,Қулф,Дераза,Парда,A
"Мантиқли савол: Оғзи бор, лекин гапирмайди; киритади ва чиқаради. Тўғри жавобни топинг.",Қулф,Парда,Дераза,Эшик,D
"Топинг: Оғзи бор, лекин гапирмайди; киритади ва чиқаради. Жавоб қайси?",Эшик,Парда,Дераза,Қулф,A
"Қуйидаги саволга жавоб беринг: Оғзи бор, лекин гапирмайди; киритади ва чиқаради. Қайси жавоб тўғри?",Қулф,Парда,Дераза,Эшик,D
"Ўйлаб кўринг: Оғзи бор, лекин гапирмайди; киритади ва чиқаради. Бу нима?",Қулф,Эшик,Дераза,Парда,B
"Тезкор савол: Оғзи бор, лекин гапирмайди; киритади ва чиқаради. Нима деб ўйлайсиз?",Эшик,Парда,Қулф,Дераза,A
"Оддий савол: Оғзи бор, лекин гапирмайди; киритади ва чиқаради. Тўғри жавобни топинг.",Эшик,Дераза,Қулф,Парда,A
"Эътибор билан ўқинг: Оғзи бор, лекин гапирмайди; киритади ва чиқаради. Жавоб қайси?",Қулф,Дераза,Парда,Эшик,D
"Савол: Оғзи бор, лекин гапирмайди; киритади ва чиқаради. Қайси жавоб тўғри?",Эшик,Қулф,Парда,Дераза,A
"Оёғи йўқ, лекин узоққа боради. Бу нима?",Китоб,Дафтар,Хат,Телефон,C
"Жумбоқ: Оёғи йўқ, лекин узоққа боради. Нима деб ўйлайсиз?",Телефон,Хат,Дафтар,Китоб,B
"Мантиқли савол: Оёғи йўқ, лекин узоққа боради. Тўғри жавобни топинг.",Китоб,Хат,Телефон,Дафтар,B
"Топинг: Оёғи йўқ, лекин узоққа боради. Жавоб қайси?",Китоб,Дафтар,Хат,Телефон,C
"Қуйидаги саволга жавоб беринг: Оёғи йўқ, лекин узоққа боради. Қайси жавоб тўғри?",Дафтар,Телефон,Китоб,Хат,D
"Ўйлаб кўринг: Оёғи йўқ, лекин узоққа боради. Бу нима?",Хат,Дафтар,Телефон,Китоб,A
"Тезкор савол: Оёғи йўқ, лекин узоққа боради. Нима деб ўйлайсиз?",Хат,Телефон,Китоб,Дафтар,A
"Оддий савол: Оёғи йўқ, лекин узоққа боради. Тўғри жавобни топинг.",Дафтар,Китоб,Хат,Телефон,C
"Эътибор билан ўқинг: Оёғи йўқ, лекин узоққа боради. Жавоб қайси?",Дафтар,Хат,Телефон,Китоб,B
"Савол: Оёғи йўқ, лекин узоққа боради. Қайси жавоб тўғри?",Дафтар,Телефон,Хат,Китоб,C
"Тумшуғи бор, лекин қуш эмас. Бу нима?",Чойнак,Бутилка,Қозон,Кружка,A
"Жумбоқ: Тумшуғи бор, лекин қуш эмас. Нима деб ўйлайсиз?",Кружка,Бутилка,Қозон,Чойнак,D
"Мантиқли савол: Тумшуғи бор, лекин қуш эмас. Тўғри жавобни топинг.",Бутилка,Қозон,Чойнак,Кружка,C
"Топинг: Тумшуғи бор, лекин қуш эмас. Жавоб қайси?",Чойнак,Бутилка,Қозон,Кружка,A
"Қуйидаги саволга жавоб беринг: Тумшуғи бор, лекин қуш эмас. Қайси жавоб тўғри?",Чойнак,Бутилка,Қозон,Кружка,A
"Ўйлаб кўринг: Тумшуғи бор, лекин қуш эмас. Бу нима?",Кружка,Чойнак,Бутилка,Қозон,B
"Тезкор савол: Тумшуғи бор, лекин қуш эмас. Нима деб ўйлайсиз?",Бутилка,Қозон,Чойнак,Кружка,C
"Оддий савол: Тумшуғи бор, лекин қуш эмас. Тўғри жавобни топинг.",Кружка,Бутилка,Қозон,Чойнак,D
"Эътибор билан ўқинг: Тумшуғи бор, лекин қуш эмас. Жавоб қайси?",Бутилка,Чойнак,Қозон,Кружка,B
"Савол: Тумшуғи бор, лекин қуш эмас. Қайси жавоб тўғри?",Қозон,Бутилка,Чойнак,Кружка,C
"Бўйни бор, боши йўқ. Бу нима?",Лаган,Чойнак,Бутилка,Ваза,C
"Жумбоқ: Бўйни бор, боши йўқ. Нима деб ўйлайсиз?",Лаган,Чойнак,Ваза,Бутилка,D
"Мантиқли савол: Бўйни бор, боши йўқ. Тўғри жавобни топинг.",Чойнак,Лаган,Ваза,Бутилка,D
"Топинг: Бўйни бор, боши йўқ. Жавоб қайси?",Чойнак,Бутилка,Ваза,Лаган,B
"Қуйидаги саволга жавоб беринг: Бўйни бор, боши йўқ. Қайси жавоб тўғри?",Лаган,Ваза,Чойнак,Бутилка,D
"Ўйлаб кўринг: Бўйни бор, боши йўқ. Бу нима?",Бутилка,Чойнак,Лаган,Ваза,A
"Тезкор савол: Бўйни бор, боши йўқ. Нима деб ўйлайсиз?",Лаган,Ваза,Чойнак,Бутилка,D
"Оддий савол: Бўйни бор, боши йўқ. Тўғри жавобни топинг.",Бутилка,Чойнак,Лаган,Ваза,A
"Эътибор билан ўқинг: Бўйни бор, боши йўқ. Жавоб қайси?",Чойнак,Лаган,Ваза,Бутилка,D
"Савол: Бўйни бор, боши йўқ. Қайси жавоб тўғри?",Бутилка,Лаган,Ваза,Чойнак,A
"Югурмайди, аммо қоғоз устида из қолдиради. Бу нима?",Тишчўтка,Қалам,Пичоқ,Игна,B
"Жумбоқ: Югурмайди, аммо қоғоз устида из қолдиради. Нима деб ўйлайсиз?",Игна,Пичоқ,Қалам,Тишчўтка,C
"Мантиқли савол: Югурмайди, аммо қоғоз устида из қолдиради. Тўғри жавобни топинг.",Пичоқ,Игна,Қалам,Тишчўтка,C
"Топинг: Югурмайди, аммо қоғоз устида из қолдиради. Жавоб қайси?",Пичоқ,Игна,Тишчўтка,Қалам,D
"Қуйидаги саволга жавоб беринг: Югурмайди, аммо қоғоз устида из қолдиради. Қайси жавоб тўғри?",Тишчўтка,Пичоқ,Игна,Қалам,D
"Ўйлаб кўринг: Югурмайди, аммо қоғоз устида из қолдиради. Бу нима?",Тишчўтка,Қалам,Игна,Пичоқ,B
"Тезкор савол: Югурмайди, аммо қоғоз устида из қолдиради. Нима деб ўйлайсиз?",Қалам,Тишчўтка,Пичоқ,Игна,A
"Оддий савол: Югурмайди, аммо қоғоз устида из қолдиради. Тўғри жавобни топинг.",Тишчўтка,Пичоқ,Қалам,Игна,C
"Эътибор билан ўқинг: Югурмайди, аммо қоғоз устида из қолдиради. Жавоб қайси?",Тишчўтка,Игна,Пичоқ,Қалам,D
"Савол: Югурмайди, аммо қоғоз устида из қолдиради. Қайси жавоб тўғри?",Пичоқ,Қалам,Тишчўтка,Игна,B
"Варақлари кўп, лекин ёзиш учун. Бу нима?",Дафтар,Газета,Қути,Китоб,A
"Жумбоқ: Варақлари кўп, лекин ёзиш учун. Нима деб ўйлайсиз?",Газета,Дафтар,Китоб,Қути,B
"Мантиқли савол: Варақлари кўп, лекин ёзиш учун. Тўғри жавобни топинг.",Газета,Дафтар,Китоб,Қути,B
"Топинг: Варақлари кўп, лекин ёзиш учун. Жавоб қайси?",Қути,Газета,Китоб,Дафтар,D
"Қуйидаги саволга жавоб беринг: Варақлари кўп, лекин ёзиш учун. Қайси жавоб тўғри?",Дафтар,Китоб,Қути,Газета,A
"Ўйлаб кўринг: Варақлари кўп, лекин ёзиш учун. Бу нима?",Дафтар,Қути,Китоб,Газета,A
"Тезкор савол: Варақлари кўп, лекин ёзиш учун. Нима деб ўйлайсиз?",Дафтар,Газета,Қути,Китоб,A
"Оддий савол: Варақлари кўп, лекин ёзиш учун. Тўғри жавобни топинг.",Газета,Китоб,Қути,Дафтар,D
"Эътибор билан ўқинг: Варақлари кўп, лекин ёзиш учун. Жавоб қайси?",Дафтар,Китоб,Қути,Газета,A
"Савол: Варақлари кўп, лекин ёзиш учун. Қайси жавоб тўғри?",Қути,Китоб,Дафтар,Газета,C
"Оёғи бор, лекин юролмайди. Бу нима?",Стул,Каравот,Стол,Кресло,C
"Жумбоқ: Оёғи бор, лекин юролмайди. Нима деб ўйлайсиз?",Кресло,Стол,Стул,Каравот,B
"Мантиқли савол: Оёғи бор, лекин юролмайди. Тўғри жавобни топинг.",Стул,Каравот,Стол,Кресло,C
"Топинг: Оёғи бор, лекин юролмайди. Жавоб қайси?",Стул,Стол,Каравот,Кресло,B
"Қуйидаги саволга жавоб беринг: Оёғи бор, лекин юролмайди. Қайси жавоб тўғри?",Стул,Каравот,Кресло,Стол,D
"Ўйлаб кўринг: Оёғи бор, лекин юролмайди. Бу нима?",Каравот,Стол,Стул,Кресло,B
"Тезкор савол: Оёғи бор, лекин юролмайди. Нима деб ўйлайсиз?",Стул,Стол,Каравот,Кресло,B
"Оддий савол: Оёғи бор, лекин юролмайди. Тўғри жавобни топинг.",Каравот,Кресло,Стул,Стол,D
"Эътибор билан ўқинг: Оёғи бор, лекин юролмайди. Жавоб қайси?",Стул,Кресло,Стол,Каравот,C
"Савол: Оёғи бор, лекин юролмайди. Қайси жавоб тўғри?",Стол,Каравот,Кресло,Стул,A
"Қўли бор, лекин салом бермайди. Бу нима?",Сандиқ,Стул,Кресло,Стол,C
"Жумбоқ: Қўли бор, лекин салом бермайди. Нима деб ўйлайсиз?",Кресло,Стол,Стул,Сандиқ,A
"Мантиқли савол: Қўли бор, лекин салом бермайди. Тўғри жавобни топинг.",Стол,Сандиқ,Стул,Кресло,D
"Топинг: Қўли бор, лекин салом бермайди. Жавоб қайси?",Стол,Сандиқ,Кресло,Стул,C
"Қуйидаги саволга жавоб беринг: Қўли бор, лекин салом бермайди. Қайси жавоб тўғри?",Сандиқ,Стул,Кресло,Стол,C
"Ўйлаб кўринг: Қўли бор, лекин салом бермайди. Бу нима?",Стол,Сандиқ,Стул,Кресло,D
"Тезкор савол: Қўли бор, лекин салом бермайди. Нима деб ўйлайсиз?",Кресло,Стол,Стул,Сандиқ,A
"Оддий савол: Қўли бор, лекин салом бермайди. Тўғри жавобни топинг.",Кресло,Стул,Стол,Сандиқ,A
"Эътибор билан ўқинг: Қўли бор, лекин салом бермайди. Жавоб қайси?",Стул,Сандиқ,Стол,Кресло,D
"Савол: Қўли бор, лекин салом бермайди. Қайси жавоб тўғри?",Стол,Стул,Кресло,Сандиқ,C
"Оёғи йўқ, лекин юқорига чиқаради. Бу нима?",Эшик,Зина,Арғамчи,Йўл,B
"Жумбоқ: Оёғи йўқ, лекин юқорига чиқаради. Нима деб ўйлайсиз?",Зина,Йўл,Арғамчи,Эшик,A
"Мантиқли савол: Оёғи йўқ, лекин юқорига чиқаради. Тўғри жавобни топинг.",Йўл,Арғамчи,Зина,Эшик,C
"Топинг: Оёғи йўқ, лекин юқорига чиқаради. Жавоб қайси?",Арғамчи,Йўл,Эшик,Зина,D
"Қуйидаги саволга жавоб беринг: Оёғи йўқ, лекин юқорига чиқаради. Қайси жавоб тўғри?",Йўл,Арғамчи,Зина,Эшик,C
"Ўйлаб кўринг: Оёғи йўқ, лекин юқорига чиқаради. Бу нима?",Эшик,Зина,Арғамчи,Йўл,B
"Тезкор савол: Оёғи йўқ, лекин юқорига чиқаради. Нима деб ўйлайсиз?",Зина,Арғамчи,Йўл,Эшик,A
"Оддий савол: Оёғи йўқ, лекин юқорига чиқаради. Тўғри жавобни топинг.",Йўл,Зина,Арғамчи,Эшик,B
"Эътибор билан ўқинг: Оёғи йўқ, лекин юқорига чиқаради. Жавоб қайси?",Йўл,Зина,Арғамчи,Эшик,B
"Савол: Оёғи йўқ, лекин юқорига чиқаради. Қайси жавоб тўғри?",Зина,Йўл,Арғамчи,Эшик,A
"Оёқда юради, лекин жони йўқ. Бу нима?",Шиппак,Қўлқоп,Пойабзал,Шим,C
"Жумбоқ: Оёқда юради, лекин жони йўқ. Нима деб ўйлайсиз?",Пойабзал,Шим,Шиппак,Қўлқоп,A
"Мантиқли савол: Оёқда юради, лекин жони йўқ. Тўғри жавобни топинг.",Шим,Пойабзал,Шиппак,Қўлқоп,B
"Топинг: Оёқда юради, лекин жони йўқ. Жавоб қайси?",Пойабзал,Қўлқоп,Шиппак,Шим,A
"Қуйидаги саволга жавоб беринг: Оёқда юради, лекин жони йўқ. Қайси жавоб тўғри?",Шиппак,Шим,Қўлқоп,Пойабзал,D
"Ўйлаб кўринг: Оёқда юради, лекин жони йўқ. Бу нима?",Шим,Шиппак,Пойабзал,Қўлқоп,C
"Тезкор савол: Оёқда юради, лекин жони йўқ. Нима деб ўйлайсиз?",Қўлқоп,Шиппак,Шим,Пойабзал,D
"Оддий савол: Оёқда юради, лекин жони йўқ. Тўғри жавобни топинг.",Шим,Қўлқоп,Шиппак,Пойабзал,D
"Эътибор билан ўқинг: Оёқда юради, лекин жони йўқ. Жавоб қайси?",Шиппак,Шим,Пойабзал,Қўлқоп,C
"Савол: Оёқда юради, лекин жони йўқ. Қайси жавоб тўғри?",Қўлқоп,Шиппак,Шим,Пойабзал,D
"Сочи кўп, лекин боши йўқ. Бу нима?",Чангютгич,Қалам,Супурги,Латта,C
"Жумбоқ: Сочи кўп, лекин боши йўқ. Нима деб ўйлайсиз?",Қалам,Супурги,Чангютгич,Латта,B
"Мантиқли савол: Сочи кўп, лекин боши йўқ. Тўғри жавобни топинг.",Латта,Қалам,Супурги,Чангютгич,C
"Топинг: Сочи кўп, лекин боши йўқ. Жавоб қайси?",Латта,Қалам,Супурги,Чангютгич,C
"Қуйидаги саволга жавоб беринг: Сочи кўп, лекин боши йўқ. Қайси жавоб тўғри?",Латта,Чангютгич,Қалам,Супурги,D
"Ўйлаб кўринг: Сочи кўп, лекин боши йўқ. Бу нима?",Қалам,Латта,Супурги,Чангютгич,C
"Тезкор савол: Сочи кўп, лекин боши йўқ. Нима деб ўйлайсиз?",Чангютгич,Латта,Қалам,Супурги,D
"Оддий савол: Сочи кўп, лекин боши йўқ. Тўғри жавобни топинг.",Чангютгич,Латта,Қалам,Супурги,D
"Эътибор билан ўқинг: Сочи кўп, лекин боши йўқ. Жавоб қайси?",Латта,Қалам,Чангютгич,Супурги,D
"Савол: Сочи кўп, лекин боши йўқ. Қайси жавоб тўғри?",Супурги,Чангютгич,Латта,Қалам,A
"Қорни катта, лекин тирик эмас. Бу нима?",Чойнак,Тарвуз,Лаган,Қозон,D
"Жумбоқ: Қорни катта, лекин тирик эмас. Нима деб ўйлайсиз?",Тарвуз,Лаган,Чойнак,Қозон,D
"Мантиқли савол: Қорни катта, лекин тирик эмас. Тўғри жавобни топинг.",Лаган,Қозон,Чойнак,Тарвуз,B
"Топинг: Қорни катта, лекин тирик эмас. Жавоб қайси?",Тарвуз,Чойнак,Лаган,Қозон,D
"Қуйидаги саволга жавоб беринг: Қорни катта, лекин тирик эмас. Қайси жавоб тўғри?",Лаган,Қозон,Чойнак,Тарвуз,B
"Ўйлаб кўринг: Қорни катта, лекин тирик эмас. Бу нима?",Қозон,Лаган,Чойнак,Тарвуз,A
"Тезкор савол: Қорни катта, лекин тирик эмас. Нима деб ўйлайсиз?",Чойнак,Лаган,Тарвуз,Қозон,D
"Оддий савол: Қорни катта, лекин тирик эмас. Тўғри жавобни топинг.",Тарвуз,Чойнак,Қозон,Лаган,C
"Эътибор билан ўқинг: Қорни катта, лекин тирик эмас. Жавоб қайси?",Қозон,Лаган,Тарвуз,Чойнак,A
"Савол: Қорни катта, лекин тирик эмас. Қайси жавоб тўғри?",Қозон,Лаган,Чойнак,Тарвуз,A
"Осилади, лекин мева эмас. Бу нима?",Парда,Эшик,Дераза,Гилам,A
"Жумбоқ: Осилади, лекин мева эмас. Нима деб ўйлайсиз?",Эшик,Гилам,Дераза,Парда,D
"Мантиқли савол: Осилади, лекин мева эмас. Тўғри жавобни топинг.",Парда,Дераза,Гилам,Эшик,A
"Топинг: Осилади, лекин мева эмас. Жавоб қайси?",Парда,Дераза,Гилам,Эшик,A
"Қуйидаги саволга жавоб беринг: Осилади, лекин мева эмас. Қайси жавоб тўғри?",Парда,Дераза,Эшик,Гилам,A
"Ўйлаб кўринг: Осилади, лекин мева эмас. Бу нима?",Гилам,Дераза,Эшик,Парда,D
"Тезкор савол: Осилади, лекин мева эмас. Нима деб ўйлайсиз?",Парда,Эшик,Гилам,Дераза,A
"Оддий савол: Осилади, лекин мева эмас. Тўғри жавобни топинг.",Гилам,Эшик,Парда,Дераза,C
"Эътибор билан ўқинг: Осилади, лекин мева эмас. Жавоб қайси?",Эшик,Дераза,Гилам,Парда,D
"Савол: Осилади, лекин мева эмас. Қайси жавоб тўғри?",Дераза,Гилам,Эшик,Парда,D
"Кўринмайди, лекин эшитилади. Бу нима?",Расм,Нур,Мусиқа,Ҳид,C
"Жумбоқ: Кўринмайди, лекин эшитилади. Нима деб ўйлайсиз?",Расм,Мусиқа,Нур,Ҳид,B
"Мантиқли савол: Кўринмайди, лекин эшитилади. Тўғри жавобни топинг.",Мусиқа,Ҳид,Расм,Нур,A
"Топинг: Кўринмайди, лекин эшитилади. Жавоб қайси?",Нур,Ҳид,Расм,Мусиқа,D
"Қуйидаги саволга жавоб беринг: Кўринмайди, лекин эшитилади. Қайси жавоб тўғри?",Расм,Нур,Мусиқа,Ҳид,C
"Ўйлаб кўринг: Кўринмайди, лекин эшитилади. Бу нима?",Мусиқа,Нур,Ҳид,Расм,A
"Тезкор савол: Кўринмайди, лекин эшитилади. Нима деб ўйлайсиз?",Ҳид,Нур,Мусиқа,Расм,C
"Оддий савол: Кўринмайди, лекин эшитилади. Тўғри жавобни топинг.",Нур,Расм,Мусиқа,Ҳид,C
"Эътибор билан ўқинг: Кўринмайди, лекин эшитилади. Жавоб қайси?",Ҳид,Мусиқа,Нур,Расм,B
"Савол: Кўринмайди, лекин эшитилади. Қайси жавоб тўғри?",Расм,Нур,Мусиқа,Ҳид,C
Сиз айтган гапни сизга қайтариб беради. Бу нима?,Акс садо,Шамол,Сукут,Мусиқа,A
Жумбоқ: Сиз айтган гапни сизга қайтариб беради. Нима деб ўйлайсиз?,Сукут,Акс садо,Шамол,Мусиқа,B
Мантиқли савол: Сиз айтган гапни сизга қайтариб беради. Тўғри жавобни топинг.,Мусиқа,Сукут,Акс садо,Шамол,C
Топинг: Сиз айтган гапни сизга қайтариб беради. Жавоб қайси?,Шамол,Мусиқа,Сукут,Акс садо,D
Қуйидаги саволга жавоб беринг: Сиз айтган гапни сизга қайтариб беради. Қайси жавоб тўғри?,Шамол,Сукут,Мусиқа,Акс садо,D
Ўйлаб кўринг: Сиз айтган гапни сизга қайтариб беради. Бу нима?,Акс садо,Мусиқа,Шамол,Сукут,A
Тезкор савол: Сиз айтган гапни сизга қайтариб беради. Нима деб ўйлайсиз?,Сукут,Шамол,Акс садо,Мусиқа,C
Оддий савол: Сиз айтган гапни сизга қайтариб беради. Тўғри жавобни топинг.,Акс садо,Шамол,Сукут,Мусиқа,A
Эътибор билан ўқинг: Сиз айтган гапни сизга қайтариб беради. Жавоб қайси?,Шамол,Мусиқа,Сукут,Акс садо,D
Савол: Сиз айтган гапни сизга қайтариб беради. Қайси жавоб тўғри?,Сукут,Акс садо,Мусиқа,Шамол,B
Қуёш кетгач бошланади. Бу нима?,Кеча,Тонг,Кун,Тун,D
Жумбоқ: Қуёш кетгач бошланади. Нима деб ўйлайсиз?,Тун,Тонг,Кун,Кеча,A
Мантиқли савол: Қуёш кетгач бошланади. Тўғри жавобни топинг.,Тонг,Тун,Кун,Кеча,B
Топинг: Қуёш кетгач бошланади. Жавоб қайси?,Кеча,Тонг,Кун,Тун,D
Қуйидаги саволга жавоб беринг: Қуёш кетгач бошланади. Қайси жавоб тўғри?,Кеча,Тонг,Кун,Тун,D
Ўйлаб кўринг: Қуёш кетгач бошланади. Бу нима?,Кун,Кеча,Тун,Тонг,C
Тезкор савол: Қуёш кетгач бошланади. Нима деб ўйлайсиз?,Кун,Тун,Тонг,Кеча,B
Оддий савол: Қуёш кетгач бошланади. Тўғри жавобни топинг.,Тонг,Кун,Кеча,Тун,D
Эътибор билан ўқинг: Қуёш кетгач бошланади. Жавоб қайси?,Тонг,Кеча,Тун,Кун,C
Савол: Қуёш кетгач бошланади. Қайси жавоб тўғри?,Кеча,Тун,Кун,Тонг,B
"Синиши мумкин, лекин тушмайди. Бу нима?",Пешин,Кеч,Тун,Тонг,D
"Жумбоқ: Синиши мумкин, лекин тушмайди. Нима деб ўйлайсиз?",Кеч,Пешин,Тонг,Тун,C
"Мантиқли савол: Синиши мумкин, лекин тушмайди. Тўғри жавобни топинг.",Тонг,Пешин,Кеч,Тун,A
"Топинг: Синиши мумкин, лекин тушмайди. Жавоб қайси?",Кеч,Пешин,Тун,Тонг,D
"Қуйидаги саволга жавоб беринг: Синиши мумкин, лекин тушмайди. Қайси жавоб тўғри?",Кеч,Тун,Тонг,Пешин,C
"Ўйлаб кўринг: Синиши мумкин, лекин тушмайди. Бу нима?",Пешин,Кеч,Тун,Тонг,D
"Тезкор савол: Синиши мумкин, лекин тушмайди. Нима деб ўйлайсиз?",Тонг,Тун,Кеч,Пешин,A
"Оддий савол: Синиши мумкин, лекин тушмайди. Тўғри жавобни топинг.",Пешин,Тун,Тонг,Кеч,C
"Эътибор билан ўқинг: Синиши мумкин, лекин тушмайди. Жавоб қайси?",Кеч,Пешин,Тун,Тонг,D
"Савол: Синиши мумкин, лекин тушмайди. Қайси жавоб тўғри?",Тонг,Тун,Кеч,Пешин,A
"Тушади, лекин синмайди. Бу нима?",Туш,Шом,Тонг,Кеч,D
"Жумбоқ: Тушади, лекин синмайди. Нима деб ўйлайсиз?",Кеч,Туш,Шом,Тонг,A
"Мантиқли савол: Тушади, лекин синмайди. Тўғри жавобни топинг.",Шом,Туш,Тонг,Кеч,D
"Топинг: Тушади, лекин синмайди. Жавоб қайси?",Шом,Тонг,Кеч,Туш,C
"Қуйидаги саволга жавоб беринг: Тушади, лекин синмайди. Қайси жавоб тўғри?",Шом,Туш,Кеч,Тонг,C
"Ўйлаб кўринг: Тушади, лекин синмайди. Бу нима?",Кеч,Туш,Шом,Тонг,A
"Тезкор савол: Тушади, лекин синмайди. Нима деб ўйлайсиз?",Шом,Туш,Кеч,Тонг,C
"Оддий савол: Тушади, лекин синмайди. Тўғри жавобни топинг.",Туш,Кеч,Шом,Тонг,B
"Эътибор билан ўқинг: Тушади, лекин синмайди. Жавоб қайси?",Шом,Кеч,Туш,Тонг,B
"Савол: Тушади, лекин синмайди. Қайси жавоб тўғри?",Туш,Тонг,Шом,Кеч,D
"Майда доначалар, лекин овқат эмас. Бу нима?",Қум,Туз,Қор,Ун,A
"Жумбоқ: Майда доначалар, лекин овқат эмас. Нима деб ўйлайсиз?",Қум,Туз,Ун,Қор,A
"Мантиқли савол: Майда доначалар, лекин овқат эмас. Тўғри жавобни топинг.",Қор,Қум,Ун,Туз,B
"Топинг: Майда доначалар, лекин овқат эмас. Жавоб қайси?",Қум,Қор,Туз,Ун,A
"Қуйидаги саволга жавоб беринг: Майда доначалар, лекин овқат эмас. Қайси жавоб тўғри?",Туз,Қум,Ун,Қор,B
"Ўйлаб кўринг: Майда доначалар, лекин овқат эмас. Бу нима?",Туз,Қум,Ун,Қор,B
"Тезкор савол: Майда доначалар, лекин овқат эмас. Нима деб ўйлайсиз?",Қум,Ун,Туз,Қор,A
"Оддий савол: Майда доначалар, лекин овқат эмас. Тўғри жавобни топинг.",Қор,Туз,Ун,Қум,D
"Эътибор билан ўқинг: Майда доначалар, лекин овқат эмас. Жавоб қайси?",Туз,Ун,Қум,Қор,C
"Савол: Майда доначалар, лекин овқат эмас. Қайси жавоб тўғри?",Қор,Қум,Туз,Ун,B
Сўзлар шулардан тузилади. Бу нима?,Рақам,Ҳарф,Расм,Товуш,B
Жумбоқ: Сўзлар шулардан тузилади. Нима деб ўйлайсиз?,Ҳарф,Рақам,Товуш,Расм,A
Мантиқли савол: Сўзлар шулардан тузилади. Тўғри жавобни топинг.,Расм,Товуш,Ҳарф,Рақам,C
Топинг: Сўзлар шулардан тузилади. Жавоб қайси?,Расм,Товуш,Рақам,Ҳарф,D
Қуйидаги саволга жавоб беринг: Сўзлар шулардан тузилади. Қайси жавоб тўғри?,Товуш,Расм,Ҳарф,Рақам,C
Ўйлаб кўринг: Сўзлар шулардан тузилади. Бу нима?,Расм,Ҳарф,Рақам,Товуш,B
Тезкор савол: Сўзлар шулардан тузилади. Нима деб ўйлайсиз?,Ҳарф,Товуш,Рақам,Расм,A
Оддий савол: Сўзлар шулардан тузилади. Тўғри жавобни топинг.,Ҳарф,Расм,Рақам,Товуш,A
Эътибор билан ўқинг: Сўзлар шулардан тузилади. Жавоб қайси?,Товуш,Рақам,Расм,Ҳарф,D
Савол: Сўзлар шулардан тузилади. Қайси жавоб тўғри?,Расм,Товуш,Рақам,Ҳарф,D
Санашга хизмат қиладиган белги. Бу нима?,Рақам,Белги,Ҳарф,Расм,A
Жумбоқ: Санашга хизмат қиладиган белги. Нима деб ўйлайсиз?,Белги,Рақам,Расм,Ҳарф,B
Мантиқли савол: Санашга хизмат қиладиган белги. Тўғри жавобни топинг.,Рақам,Белги,Расм,Ҳарф,A
Топинг: Санашга хизмат қиладиган белги. Жавоб қайси?,Ҳарф,Белги,Рақам,Расм,C
Қуйидаги саволга жавоб беринг: Санашга хизмат қиладиган белги. Қайси жавоб тўғри?,Рақам,Ҳарф,Расм,Белги,A
Ўйлаб кўринг: Санашга хизмат қиладиган белги. Бу нима?,Ҳарф,Расм,Рақам,Белги,C
Тезкор савол: Санашга хизмат қиладиган белги. Нима деб ўйлайсиз?,Рақам,Ҳарф,Белги,Расм,A
Оддий савол: Санашга хизмат қиладиган белги. Тўғри жавобни топинг.,Расм,Белги,Ҳарф,Рақам,D
Эътибор билан ўқинг: Санашга хизмат қиладиган белги. Жавоб қайси?,Белги,Расм,Рақам,Ҳарф,C
Савол: Санашга хизмат қиладиган белги. Қайси жавоб тўғри?,Ҳарф,Белги,Рақам,Расм,C
Деразага қўйиладиган шаффоф нарса. Бу нима?,Парда,Эшик,Ойна,Кўзгу,C
Жумбоқ: Деразага қўйиладиган шаффоф нарса. Нима деб ўйлайсиз?,Кўзгу,Парда,Ойна,Эшик,C
Мантиқли савол: Деразага қўйиладиган шаффоф нарса. Тўғри жавобни топинг.,Кўзгу,Ойна,Парда,Эшик,B
Топинг: Деразага қўйиладиган шаффоф нарса. Жавоб қайси?,Кўзгу,Эшик,Ойна,Парда,C
Қуйидаги саволга жавоб беринг: Деразага қўйиладиган шаффоф нарса. Қайси жавоб тўғри?,Парда,Ойна,Эшик,Кўзгу,B
Ўйлаб кўринг: Деразага қўйиладиган шаффоф нарса. Бу нима?,Эшик,Кўзгу,Ойна,Парда,C
Тезкор савол: Деразага қўйиладиган шаффоф нарса. Нима деб ўйлайсиз?,Кўзгу,Ойна,Парда,Эшик,B
Оддий савол: Деразага қўйиладиган шаффоф нарса. Тўғри жавобни топинг.,Ойна,Кўзгу,Эшик,Парда,A
Эътибор билан ўқинг: Деразага қўйиладиган шаффоф нарса. Жавоб қайси?,Кўзгу,Эшик,Ойна,Парда,C
Савол: Деразага қўйиладиган шаффоф нарса. Қайси жавоб тўғри?,Парда,Ойна,Кўзгу,Эшик,B
Қайси ойда 28 кун бор?,Ҳамма ойда,Фақат февралда,Фақат мартда,Фақат январда,A
Жумбоқ: Қайси ойда 28 кун бор?,Ҳамма ойда,Фақат январда,Фақат февралда,Фақат мартда,A
Мантиқли савол: Қайси ойда 28 кун бор? Тўғри жавобни танланг.,Фақат февралда,Фақат январда,Ҳамма ойда,Фақат мартда,C
Топинг: Қайси ойда 28 кун бор?,Фақат январда,Ҳамма ойда,Фақат мартда,Фақат февралда,B
Қуйидаги саволга жавоб беринг: Қайси ойда 28 кун бор?,Фақат январда,Ҳамма ойда,Фақат февралда,Фақат мартда,B
Ўйлаб кўринг: Қайси ойда 28 кун бор?,Фақат январда,Фақат мартда,Фақат февралда,Ҳамма ойда,D
Тезкор савол: Қайси ойда 28 кун бор?,Ҳамма ойда,Фақат январда,Фақат мартда,Фақат февралда,A
Оддий савол: Қайси ойда 28 кун бор? Тўғри жавобни танланг.,Фақат январда,Ҳамма ойда,Фақат мартда,Фақат февралда,B
Эътибор билан ўқинг: Қайси ойда 28 кун бор?,Ҳамма ойда,Фақат январда,Фақат мартда,Фақат февралда,A
Савол: Қайси ойда 28 кун бор?,Фақат январда,Фақат мартда,Фақат февралда,Ҳамма ойда,D
Қайси саволга 'ҳа' деб жавоб бериб бўлмайди?,Сиз ухлаяпсизми?,Исмингиз нима?,Сиз очмисиз?,Кетяпсизми?,A
Жумбоқ: Қайси саволга 'ҳа' деб жавоб бериб бўлмайди?,Сиз очмисиз?,Сиз ухлаяпсизми?,Кетяпсизми?,Исмингиз нима?,B
Мантиқли савол: Қайси саволга 'ҳа' деб жавоб бериб бўлмайди? Тўғри жавобни танланг.,Исмингиз нима?,Кетяпсизми?,Сиз ухлаяпсизми?,Сиз очмисиз?,C
Топинг: Қайси саволга 'ҳа' деб жавоб бериб бўлмайди?,Кетяпсизми?,Исмингиз нима?,Сиз ухлаяпсизми?,Сиз очмисиз?,C
Қуйидаги саволга жавоб беринг: Қайси саволга 'ҳа' деб жавоб бериб бўлмайди?,Кетяпсизми?,Сиз очмисиз?,Сиз ухлаяпсизми?,Исмингиз нима?,C
Ўйлаб кўринг: Қайси саволга 'ҳа' деб жавоб бериб бўлмайди?,Кетяпсизми?,Сиз ухлаяпсизми?,Исмингиз нима?,Сиз очмисиз?,B
Тезкор савол: Қайси саволга 'ҳа' деб жавоб бериб бўлмайди?,Сиз очмисиз?,Сиз ухлаяпсизми?,Исмингиз нима?,Кетяпсизми?,B
Оддий савол: Қайси саволга 'ҳа' деб жавоб бериб бўлмайди? Тўғри жавобни танланг.,Сиз очмисиз?,Исмингиз нима?,Кетяпсизми?,Сиз ухлаяпсизми?,D
Эътибор билан ўқинг: Қайси саволга 'ҳа' деб жавоб бериб бўлмайди?,Сиз очмисиз?,Кетяпсизми?,Сиз ухлаяпсизми?,Исмингиз нима?,C
Савол: Қайси саволга 'ҳа' деб жавоб бериб бўлмайди?,Сиз очмисиз?,Кетяпсизми?,Исмингиз нима?,Сиз ухлаяпсизми?,D
Нима қуритган сари ўзи ҳўл бўлади?,Сув,Шамол,Сочиқ,Қуёш,C
Жумбоқ: Нима қуритган сари ўзи ҳўл бўлади?,Сочиқ,Қуёш,Шамол,Сув,A
Мантиқли савол: Нима қуритган сари ўзи ҳўл бўлади? Тўғри жавобни танланг.,Қуёш,Сув,Шамол,Сочиқ,D
Топинг: Нима қуритган сари ўзи ҳўл бўлади?,Сув,Шамол,Қуёш,Сочиқ,D
Қуйидаги саволга жавоб беринг: Нима қуритган сари ўзи ҳўл бўлади?,Сочиқ,Қуёш,Шамол,Сув,A
Ўйлаб кўринг: Нима қуритган сари ўзи ҳўл бўлади?,Шамол,Сув,Қуёш,Сочиқ,D
Тезкор савол: Нима қуритган сари ўзи ҳўл бўлади?,Сочиқ,Шамол,Қуёш,Сув,A
Оддий савол: Нима қуритган сари ўзи ҳўл бўлади? Тўғри жавобни танланг.,Шамол,Сочиқ,Қуёш,Сув,B
Эътибор билан ўқинг: Нима қуритган сари ўзи ҳўл бўлади?,Сув,Шамол,Сочиқ,Қуёш,C
Савол: Нима қуритган сари ўзи ҳўл бўлади?,Қуёш,Сочиқ,Сув,Шамол,B
Ушламасдан ҳам синдириш мумкин бўлган нарса нима?,Ваъда,Ойна,Тош,Қалам,A
Жумбоқ: Ушламасдан ҳам синдириш мумкин бўлган нарса нима деб ўйлайсиз?,Ойна,Қалам,Тош,Ваъда,D
Мантиқли савол: Ушламасдан ҳам синдириш мумкин бўлган нарса нима? Тўғри жавобни танланг.,Тош,Қалам,Ваъда,Ойна,C
Топинг: Ушламасдан ҳам синдириш мумкин бўлган нарса нима?,Тош,Қалам,Ваъда,Ойна,C
Қуйидаги саволга жавоб беринг: Ушламасдан ҳам синдириш мумкин бўлган нарса нима?,Ваъда,Тош,Қалам,Ойна,A
Ўйлаб кўринг: Ушламасдан ҳам синдириш мумкин бўлган нарса нима?,Ваъда,Қалам,Ойна,Тош,A
Тезкор савол: Ушламасдан ҳам синдириш мумкин бўлган нарса нима деб ўйлайсиз?,Тош,Ваъда,Ойна,Қалам,B
Оддий савол: Ушламасдан ҳам синдириш мумкин бўлган нарса нима? Тўғри жавобни танланг.,Ойна,Қалам,Ваъда,Тош,C
Эътибор билан ўқинг: Ушламасдан ҳам синдириш мумкин бўлган нарса нима?,Ойна,Қалам,Тош,Ваъда,D
Савол: Ушламасдан ҳам синдириш мумкин бўлган нарса нима?,Тош,Ойна,Қалам,Ваъда,D
"Калитлари бор, лекин қулф очмайди. Бу нима?",Пианино,Китоб,Қулф,Соат,A
"Жумбоқ: Калитлари бор, лекин қулф очмайди. Нима деб ўйлайсиз?",Соат,Пианино,Қулф,Китоб,B
"Мантиқли савол: Калитлари бор, лекин қулф очмайди. Тўғри жавобни топинг.",Пианино,Соат,Китоб,Қулф,A
"Топинг: Калитлари бор, лекин қулф очмайди. Жавоб қайси?",Китоб,Қулф,Соат,Пианино,D
"Қуйидаги саволга жавоб беринг: Калитлари бор, лекин қулф очмайди. Қайси жавоб тўғри?",Китоб,Қулф,Пианино,Соат,C
"Ўйлаб кўринг: Калитлари бор, лекин қулф очмайди. Бу нима?",Пианино,Соат,Қулф,Китоб,A
"Тезкор савол: Калитлари бор, лекин қулф очмайди. Нима деб ўйлайсиз?",Соат,Пианино,Қулф,Китоб,B
"Оддий савол: Калитлари бор, лекин қулф очмайди. Тўғри жавобни топинг.",Пианино,Қулф,Соат,Китоб,A
"Эътибор билан ўқинг: Калитлари бор, лекин қулф очмайди. Жавоб қайси?",Пианино,Қулф,Китоб,Соат,A
"Савол: Калитлари бор, лекин қулф очмайди. Қайси жавоб тўғри?",Китоб,Қулф,Соат,Пианино,D
"Ўзи бир бурчакда туради, лекин бутун дунёни айланади. Бу нима?",Хат,Почта қутиси,Қалам,Марка,D
"Жумбоқ: Ўзи бир бурчакда туради, лекин бутун дунёни айланади. Нима деб ўйлайсиз?",Почта қутиси,Марка,Қалам,Хат,B
"Мантиқли савол: Ўзи бир бурчакда туради, лекин бутун дунёни айланади. Тўғри жавобни топинг.",Почта қутиси,Хат,Қалам,Марка,D
"Топинг: Ўзи бир бурчакда туради, лекин бутун дунёни айланади. Жавоб қайси?",Марка,Почта қутиси,Қалам,Хат,A
"Қуйидаги саволга жавоб беринг: Ўзи бир бурчакда туради, лекин бутун дунёни айланади. Қайси жавоб тўғри?",Марка,Почта қутиси,Хат,Қалам,A
"Ўйлаб кўринг: Ўзи бир бурчакда туради, лекин бутун дунёни айланади. Бу нима?",Почта қутиси,Марка,Қалам,Хат,B
"Тезкор савол: Ўзи бир бурчакда туради, лекин бутун дунёни айланади. Нима деб ўйлайсиз?",Марка,Қалам,Почта қутиси,Хат,A
"Оддий савол: Ўзи бир бурчакда туради, лекин бутун дунёни айланади. Тўғри жавобни топинг.",Қалам,Марка,Почта қутиси,Хат,B
"Эътибор билан ўқинг: Ўзи бир бурчакда туради, лекин бутун дунёни айланади. Жавоб қайси?",Почта қутиси,Қалам,Хат,Марка,D
"Савол: Ўзи бир бурчакда туради, лекин бутун дунёни айланади. Қайси жавоб тўғри?",Қалам,Марка,Почта қутиси,Хат,B
"Сизга тегишли, аммо бошқалар сиздан кўра кўпроқ ишлатадиган нарса нима?",Китобингиз,Телефонингиз,Уйингиз,Исмингиз,D
"Жумбоқ: Сизга тегишли, аммо бошқалар сиздан кўра кўпроқ ишлатадиган нарса нима деб ўйлайсиз?",Телефонингиз,Китобингиз,Уйингиз,Исмингиз,D
"Мантиқли савол: Сизга тегишли, аммо бошқалар сиздан кўра кўпроқ ишлатадиган нарса нима? Тўғри жавобни танланг.",Исмингиз,Уйингиз,Китобингиз,Телефонингиз,A
"Топинг: Сизга тегишли, аммо бошқалар сиздан кўра кўпроқ ишлатадиган нарса нима?",Уйингиз,Исмингиз,Телефонингиз,Китобингиз,B
"Қуйидаги саволга жавоб беринг: Сизга тегишли, аммо бошқалар сиздан кўра кўпроқ ишлатадиган нарса нима?",Исмингиз,Уйингиз,Китобингиз,Телефонингиз,A
"Ўйлаб кўринг: Сизга тегишли, аммо бошқалар сиздан кўра кўпроқ ишлатадиган нарса нима?",Исмингиз,Уйингиз,Телефонингиз,Китобингиз,A
"Тезкор савол: Сизга тегишли, аммо бошқалар сиздан кўра кўпроқ ишлатадиган нарса нима деб ўйлайсиз?",Телефонингиз,Уйингиз,Китобингиз,Исмингиз,D
"Оддий савол: Сизга тегишли, аммо бошқалар сиздан кўра кўпроқ ишлатадиган нарса нима? Тўғри жавобни танланг.",Исмингиз,Уйингиз,Телефонингиз,Китобингиз,A
"Эътибор билан ўқинг: Сизга тегишли, аммо бошқалар сиздан кўра кўпроқ ишлатадиган нарса нима?",Телефонингиз,Уйингиз,Исмингиз,Китобингиз,C
"Савол: Сизга тегишли, аммо бошқалар сиздан кўра кўпроқ ишлатадиган нарса нима?",Телефонингиз,Уйингиз,Китобингиз,Исмингиз,D
"Нима юқорига кўтарилаверади, лекин пастга тушмайди?",Ёш,Бўй,Соч,Кийим,A
"Жумбоқ: Нима юқорига кўтарилаверади, лекин пастга тушмайди?",Кийим,Соч,Бўй,Ёш,D
"Мантиқли савол: Нима юқорига кўтарилаверади, лекин пастга тушмайди? Тўғри жавобни танланг.",Соч,Бўй,Ёш,Кийим,C
"Топинг: Нима юқорига кўтарилаверади, лекин пастга тушмайди?",Бўй,Соч,Ёш,Кийим,C
"Қуйидаги саволга жавоб беринг: Нима юқорига кўтарилаверади, лекин пастга тушмайди?",Соч,Кийим,Ёш,Бўй,C
"Ўйлаб кўринг: Нима юқорига кўтарилаверади, лекин пастга тушмайди?",Ёш,Кийим,Соч,Бўй,A
"Тезкор савол: Нима юқорига кўтарилаверади, лекин пастга тушмайди?",Кийим,Бўй,Соч,Ёш,D
"Оддий савол: Нима юқорига кўтарилаверади, лекин пастга тушмайди? Тўғри жавобни танланг.",Бўй,Ёш,Кийим,Соч,B
"Эътибор билан ўқинг: Нима юқорига кўтарилаверади, лекин пастга тушмайди?",Кийим,Ёш,Бўй,Соч,B
"Савол: Нима юқорига кўтарилаверади, лекин пастга тушмайди?",Соч,Ёш,Кийим,Бўй,B
"Қизил денгизга оқ тош ташласангиз, у нима бўлади?",Қизил бўлади,Қора бўлади,Йўқолади,Ҳўл бўлади,D
"Жумбоқ: Қизил денгизга оқ тош ташласангиз, у нима бўлади?",Қора бўлади,Ҳўл бўлади,Йўқолади,Қизил бўлади,B
"Мантиқли савол: Қизил денгизга оқ тош ташласангиз, у нима бўлади? Тўғри жавобни танланг.",Ҳўл бўлади,Қизил бўлади,Йўқолади,Қора бўлади,A
"Топинг: Қизил денгизга оқ тош ташласангиз, у нима бўлади?",Қизил бўлади,Ҳўл бўлади,Қора бўлади,Йўқолади,B
"Қуйидаги саволга жавоб беринг: Қизил денгизга оқ тош ташласангиз, у нима бўлади?",Қора бўлади,Қизил бўлади,Йўқолади,Ҳўл бўлади,D
"Ўйлаб кўринг: Қизил денгизга оқ тош ташласангиз, у нима бўлади?",Ҳўл бўлади,Қизил бўлади,Қора бўлади,Йўқолади,A
"Тезкор савол: Қизил денгизга оқ тош ташласангиз, у нима бўлади?",Қора бўлади,Ҳўл бўлади,Қизил бўлади,Йўқолади,B
"Оддий савол: Қизил денгизга оқ тош ташласангиз, у нима бўлади? Тўғри жавобни танланг.",Қора бўлади,Ҳўл бўлади,Йўқолади,Қизил бўлади,B
"Эътибор билан ўқинг: Қизил денгизга оқ тош ташласангиз, у нима бўлади?",Ҳўл бўлади,Қора бўлади,Қизил бўлади,Йўқолади,A
"Савол: Қизил денгизга оқ тош ташласангиз, у нима бўлади?",Йўқолади,Ҳўл бўлади,Қора бўлади,Қизил бўлади,B
"Бир тухум 4 дақиқада пишса, 4 тухум қанча вақтда пишади?",Саккиз дақиқа,Тўрт дақиқа,Ўн олти дақиқа,Бир дақиқа,B
"Жумбоқ: Бир тухум 4 дақиқада пишса, 4 тухум қанча вақтда пишади?",Бир дақиқа,Ўн олти дақиқа,Саккиз дақиқа,Тўрт дақиқа,D
"Мантиқли савол: Бир тухум 4 дақиқада пишса, 4 тухум қанча вақтда пишади? Тўғри жавобни танланг.",Бир дақиқа,Ўн олти дақиқа,Тўрт дақиқа,Саккиз дақиқа,C
"Топинг: Бир тухум 4 дақиқада пишса, 4 тухум қанча вақтда пишади?",Бир дақиқа,Тўрт дақиқа,Ўн олти дақиқа,Саккиз дақиқа,B
"Қуйидаги саволга жавоб беринг: Бир тухум 4 дақиқада пишса, 4 тухум қанча вақтда пишади?",Тўрт дақиқа,Бир дақиқа,Ўн олти дақиқа,Саккиз дақиқа,A
"Ўйлаб кўринг: Бир тухум 4 дақиқада пишса, 4 тухум қанча вақтда пишади?",Саккиз дақиқа,Ўн олти дақиқа,Бир дақиқа,Тўрт дақиқа,D
"Тезкор савол: Бир тухум 4 дақиқада пишса, 4 тухум қанча вақтда пишади?",Ўн олти дақиқа,Бир дақиқа,Тўрт дақиқа,Саккиз дақиқа,C
"Оддий савол: Бир тухум 4 дақиқада пишса, 4 тухум қанча вақтда пишади? Тўғри жавобни танланг.",Бир дақиқа,Ўн олти дақиқа,Саккиз дақиқа,Тўрт дақиқа,D
"Эътибор билан ўқинг: Бир тухум 4 дақиқада пишса, 4 тухум қанча вақтда пишади?",Саккиз дақиқа,Ўн олти дақиқа,Тўрт дақиқа,Бир дақиқа,C
"Савол: Бир тухум 4 дақиқада пишса, 4 тухум қанча вақтда пишади?",Бир дақиқа,Саккиз дақиқа,Ўн олти дақиқа,Тўрт дақиқа,D
"Хўроз томга тухум қўйса, қайси томонга юмалайди?",Пастга,Ўнг томонга,Чап томонга,Хўроз тухум қўймайди,D
"Жумбоқ: Хўроз томга тухум қўйса, қайси томонга юмалайди?",Хўроз тухум қўймайди,Пастга,Чап томонга,Ўнг томонга,A
"Мантиқли савол: Хўроз томга тухум қўйса, қайси томонга юмалайди? Тўғри жавобни танланг.",Пастга,Чап томонга,Ўнг томонга,Хўроз тухум қўймайди,D
"Топинг: Хўроз томга тухум қўйса, қайси томонга юмалайди?",Пастга,Хўроз тухум қўймайди,Ўнг томонга,Чап томонга,B
"Қуйидаги саволга жавоб беринг: Хўроз томга тухум қўйса, қайси томонга юмалайди?",Хўроз тухум қўймайди,Чап томонга,Ўнг томонга,Пастга,A
"Ўйлаб кўринг: Хўроз томга тухум қўйса, қайси томонга юмалайди?",Ўнг томонга,Пастга,Чап томонга,Хўроз тухум қўймайди,D
"Тезкор савол: Хўроз томга тухум қўйса, қайси томонга юмалайди?",Хўроз тухум қўймайди,Чап томонга,Пастга,Ўнг томонга,A
"Оддий савол: Хўроз томга тухум қўйса, қайси томонга юмалайди? Тўғри жавобни танланг.",Чап томонга,Хўроз тухум қўймайди,Ўнг томонга,Пастга,B
"Эътибор билан ўқинг: Хўроз томга тухум қўйса, қайси томонга юмалайди?",Ўнг томонга,Хўроз тухум қўймайди,Пастга,Чап томонга,B
"Савол: Хўроз томга тухум қўйса, қайси томонга юмалайди?",Хўроз тухум қўймайди,Ўнг томонга,Пастга,Чап томонга,A
Эверест кашф этилмасидан олдин энг баланд тоғ қайси эди?,Ҳимолай,Эверест,Чимён,К2,B
Жумбоқ: Эверест кашф этилмасидан олдин энг баланд тоғ қайси эди?,Чимён,Эверест,Ҳимолай,К2,B
Мантиқли савол: Эверест кашф этилмасидан олдин энг баланд тоғ қайси эди? Тўғри жавобни танланг.,Ҳимолай,Чимён,Эверест,К2,C
Топинг: Эверест кашф этилмасидан олдин энг баланд тоғ қайси эди?,Ҳимолай,К2,Чимён,Эверест,D
Қуйидаги саволга жавоб беринг: Эверест кашф этилмасидан олдин энг баланд тоғ қайси эди?,Ҳимолай,К2,Эверест,Чимён,C
Ўйлаб кўринг: Эверест кашф этилмасидан олдин энг баланд тоғ қайси эди?,Ҳимолай,К2,Чимён,Эверест,D
Тезкор савол: Эверест кашф этилмасидан олдин энг баланд тоғ қайси эди?,Чимён,К2,Эверест,Ҳимолай,C
Оддий савол: Эверест кашф этилмасидан олдин энг баланд тоғ қайси эди? Тўғри жавобни танланг.,Эверест,Чимён,Ҳимолай,К2,A
Эътибор билан ўқинг: Эверест кашф этилмасидан олдин энг баланд тоғ қайси эди?,К2,Ҳимолай,Эверест,Чимён,C
Савол: Эверест кашф этилмасидан олдин энг баланд тоғ қайси эди?,Эверест,К2,Чимён,Ҳимолай,A
Икки ота ва икки ўғил 3 та олмани бир тадан олди. Қандай?,Тўрт киши,Икки киши,"Уч киши: бобо, ота, ўғил",Беш киши,C
Жумбоқ: Икки ота ва икки ўғил 3 та олмани бир тадан олди. Қандай?,"Уч киши: бобо, ота, ўғил",Тўрт киши,Икки киши,Беш киши,A
Мантиқли савол: Икки ота ва икки ўғил 3 та олмани бир тадан олди. Қандай? Тўғри жавобни танланг.,Икки киши,Беш киши,"Уч киши: бобо, ота, ўғил",Тўрт киши,C
Топинг: Икки ота ва икки ўғил 3 та олмани бир тадан олди. Қандай?,Икки киши,Тўрт киши,Беш киши,"Уч киши: бобо, ота, ўғил",D
Қуйидаги саволга жавоб беринг: Икки ота ва икки ўғил 3 та олмани бир тадан олди. Қандай?,"Уч киши: бобо, ота, ўғил",Тўрт киши,Икки киши,Беш киши,A
Ўйлаб кўринг: Икки ота ва икки ўғил 3 та олмани бир тадан олди. Қандай?,Тўрт киши,"Уч киши: бобо, ота, ўғил",Беш киши,Икки киши,B
Тезкор савол: Икки ота ва икки ўғил 3 та олмани бир тадан олди. Қандай?,Икки киши,Беш киши,Тўрт киши,"Уч киши: бобо, ота, ўғил",D
Оддий савол: Икки ота ва икки ўғил 3 та олмани бир тадан олди. Қандай? Тўғри жавобни танланг.,"Уч киши: бобо, ота, ўғил",Тўрт киши,Беш киши,Икки киши,A
Эътибор билан ўқинг: Икки ота ва икки ўғил 3 та олмани бир тадан олди. Қандай?,Икки киши,"Уч киши: бобо, ота, ўғил",Тўрт киши,Беш киши,B
Савол: Икки ота ва икки ўғил 3 та олмани бир тадан олди. Қандай?,Тўрт киши,Икки киши,"Уч киши: бобо, ота, ўғил",Беш киши,C
Самолётга чиқишдан олдин ҳавода неча қадам ташлаш керак?,Бир қадам ҳам,Бир қадам,Уч қадам,Икки қадам,A
Жумбоқ: Самолётга чиқишдан олдин ҳавода неча қадам ташлаш керак?,Уч қадам,Икки қадам,Бир қадам,Бир қадам ҳам,D
Мантиқли савол: Самолётга чиқишдан олдин ҳавода неча қадам ташлаш керак? Тўғри жавобни танланг.,Бир қадам,Бир қадам ҳам,Уч қадам,Икки қадам,B
Топинг: Самолётга чиқишдан олдин ҳавода неча қадам ташлаш керак?,Икки қадам,Уч қадам,Бир қадам ҳам,Бир қадам,C
Қуйидаги саволга жавоб беринг: Самолётга чиқишдан олдин ҳавода неча қадам ташлаш керак?,Бир қадам ҳам,Уч қадам,Бир қадам,Икки қадам,A
Ўйлаб кўринг: Самолётга чиқишдан олдин ҳавода неча қадам ташлаш керак?,Икки қадам,Уч қадам,Бир қадам ҳам,Бир қадам,C
Тезкор савол: Самолётга чиқишдан олдин ҳавода неча қадам ташлаш керак?,Бир қадам,Икки қадам,Уч қадам,Бир қадам ҳам,D
Оддий савол: Самолётга чиқишдан олдин ҳавода неча қадам ташлаш керак? Тўғри жавобни танланг.,Бир қадам ҳам,Уч қадам,Икки қадам,Бир қадам,A
Эътибор билан ўқинг: Самолётга чиқишдан олдин ҳавода неча қадам ташлаш керак?,Бир қадам ҳам,Бир қадам,Икки қадам,Уч қадам,A
Савол: Самолётга чиқишдан олдин ҳавода неча қадам ташлаш керак?,Уч қадам,Бир қадам ҳам,Икки қадам,Бир қадам,B
"Қанча кўп бўлса, шунча кам кўринади. Бу нима?",Қоронғулик,Ёмғир,Туман,Шамол,A
"Жумбоқ: Қанча кўп бўлса, шунча кам кўринади. Нима деб ўйлайсиз?",Қоронғулик,Шамол,Туман,Ёмғир,A
"Мантиқли савол: Қанча кўп бўлса, шунча кам кўринади. Тўғри жавобни топинг.",Қоронғулик,Ёмғир,Туман,Шамол,A
"Топинг: Қанча кўп бўлса, шунча кам кўринади. Жавоб қайси?",Туман,Қоронғулик,Ёмғир,Шамол,B
"Қуйидаги саволга жавоб беринг: Қанча кўп бўлса, шунча кам кўринади. Қайси жавоб тўғри?",Туман,Қоронғулик,Ёмғир,Шамол,B
"Ўйлаб кўринг: Қанча кўп бўлса, шунча кам кўринади. Бу нима?",Қоронғулик,Ёмғир,Шамол,Туман,A
"Тезкор савол: Қанча кўп бўлса, шунча кам кўринади. Нима деб ўйлайсиз?",Туман,Ёмғир,Шамол,Қоронғулик,D
"Оддий савол: Қанча кўп бўлса, шунча кам кўринади. Тўғри жавобни топинг.",Ёмғир,Қоронғулик,Туман,Шамол,B
"Эътибор билан ўқинг: Қанча кўп бўлса, шунча кам кўринади. Жавоб қайси?",Туман,Ёмғир,Шамол,Қоронғулик,D
"Савол: Қанча кўп бўлса, шунча кам кўринади. Қайси жавоб тўғри?",Қоронғулик,Туман,Шамол,Ёмғир,A
Гапирсангиз бузиладиган нарса нима?,Кеча,Сукут,Шовқин,Мусиқа,B
Жумбоқ: Гапирсангиз бузиладиган нарса нима деб ўйлайсиз?,Мусиқа,Кеча,Шовқин,Сукут,D
Мантиқли савол: Гапирсангиз бузиладиган нарса нима? Тўғри жавобни танланг.,Шовқин,Кеча,Сукут,Мусиқа,C
Топинг: Гапирсангиз бузиладиган нарса нима?,Кеча,Сукут,Мусиқа,Шовқин,B
Қуйидаги саволга жавоб беринг: Гапирсангиз бузиладиган нарса нима?,Мусиқа,Сукут,Шовқин,Кеча,B
Ўйлаб кўринг: Гапирсангиз бузиладиган нарса нима?,Сукут,Мусиқа,Шовқин,Кеча,A
Тезкор савол: Гапирсангиз бузиладиган нарса нима деб ўйлайсиз?,Мусиқа,Кеча,Шовқин,Сукут,D
Оддий савол: Гапирсангиз бузиладиган нарса нима? Тўғри жавобни танланг.,Сукут,Кеча,Шовқин,Мусиқа,A
Эътибор билан ўқинг: Гапирсангиз бузиладиган нарса нима?,Сукут,Мусиқа,Шовқин,Кеча,A
Савол: Гапирсангиз бузиладиган нарса нима?,Кеча,Мусиқа,Сукут,Шовқин,C
"Бугундан олдин, эртадан кейин нима келади?",Кеча,Эртага,Тонг,Бугун,A
"Жумбоқ: Бугундан олдин, эртадан кейин нима келади?",Кеча,Эртага,Тонг,Бугун,A
"Мантиқли савол: Бугундан олдин, эртадан кейин нима келади? Тўғри жавобни танланг.",Бугун,Тонг,Кеча,Эртага,C
"Топинг: Бугундан олдин, эртадан кейин нима келади?",Тонг,Эртага,Кеча,Бугун,C
"Қуйидаги саволга жавоб беринг: Бугундан олдин, эртадан кейин нима келади?",Эртага,Кеча,Тонг,Бугун,B
"Ўйлаб кўринг: Бугундан олдин, эртадан кейин нима келади?",Кеча,Бугун,Эртага,Тонг,A
"Тезкор савол: Бугундан олдин, эртадан кейин нима келади?",Кеча,Эртага,Тонг,Бугун,A
"Оддий савол: Бугундан олдин, эртадан кейин нима келади? Тўғри жавобни танланг.",Тонг,Эртага,Кеча,Бугун,C
"Эътибор билан ўқинг: Бугундан олдин, эртадан кейин нима келади?",Бугун,Кеча,Эртага,Тонг,B
"Савол: Бугундан олдин, эртадан кейин нима келади?",Тонг,Эртага,Кеча,Бугун,C
Бугундан кейин қайси кун келади?,Шанба,Бугун,Кеча,Эртага,D
Жумбоқ: Бугундан кейин қайси кун келади?,Эртага,Кеча,Шанба,Бугун,A
Мантиқли савол: Бугундан кейин қайси кун келади? Тўғри жавобни танланг.,Бугун,Шанба,Эртага,Кеча,C
Топинг: Бугундан кейин қайси кун келади?,Кеча,Шанба,Эртага,Бугун,C
Қуйидаги саволга жавоб беринг: Бугундан кейин қайси кун келади?,Шанба,Бугун,Эртага,Кеча,C
Ўйлаб кўринг: Бугундан кейин қайси кун келади?,Шанба,Эртага,Бугун,Кеча,B
Тезкор савол: Бугундан кейин қайси кун келади?,Бугун,Кеча,Шанба,Эртага,D
Оддий савол: Бугундан кейин қайси кун келади? Тўғри жавобни танланг.,Эртага,Кеча,Шанба,Бугун,A
Эътибор билан ўқинг: Бугундан кейин қайси кун келади?,Кеча,Шанба,Бугун,Эртага,D
Савол: Бугундан кейин қайси кун келади?,Кеча,Шанба,Бугун,Эртага,D
Кемасига ҳайвонларни жуфт-жуфт қилган ким?,Ной,Мусо,Исо,Иброҳим,A
Жумбоқ: Кемасига ҳайвонларни жуфт-жуфт қилган ким?,Мусо,Ной,Исо,Иброҳим,B
Мантиқли савол: Кемасига ҳайвонларни жуфт-жуфт қилган ким? Тўғри жавобни танланг.,Ной,Иброҳим,Мусо,Исо,A
Топинг: Кемасига ҳайвонларни жуфт-жуфт қилган ким?,Мусо,Исо,Иброҳим,Ной,D
Қуйидаги саволга жавоб беринг: Кемасига ҳайвонларни жуфт-жуфт қилган ким?,Исо,Мусо,Иброҳим,Ной,D
Ўйлаб кўринг: Кемасига ҳайвонларни жуфт-жуфт қилган ким?,Исо,Иброҳим,Ной,Мусо,C
Тезкор савол: Кемасига ҳайвонларни жуфт-жуфт қилган ким?,Исо,Мусо,Ной,Иброҳим,C
Оддий савол: Кемасига ҳайвонларни жуфт-жуфт қилган ким? Тўғри жавобни танланг.,Исо,Мусо,Иброҳим,Ной,D
Эътибор билан ўқинг: Кемасига ҳайвонларни жуфт-жуфт қилган ким?,Иброҳим,Исо,Мусо,Ной,D
Савол: Кемасига ҳайвонларни жуфт-жуфт қилган ким?,Ной,Мусо,Исо,Иброҳим,A
Оч қоринга нечта тухум ейиш мумкин?,Бир дона ҳам емайди,Битта,Иккита,Бешта,A
Жумбоқ: Оч қоринга нечта тухум ейиш мумкин?,Бешта,Битта,Бир дона ҳам емайди,Иккита,C
Мантиқли савол: Оч қоринга нечта тухум ейиш мумкин? Тўғри жавобни танланг.,Битта,Бешта,Бир дона ҳам емайди,Иккита,C
Топинг: Оч қоринга нечта тухум ейиш мумкин?,Бешта,Бир дона ҳам емайди,Битта,Иккита,B
Қуйидаги саволга жавоб беринг: Оч қоринга нечта тухум ейиш мумкин?,Битта,Бешта,Иккита,Бир дона ҳам емайди,D
Ўйлаб кўринг: Оч қоринга нечта тухум ейиш мумкин?,Бешта,Бир дона ҳам емайди,Битта,Иккита,B
Тезкор савол: Оч қоринга нечта тухум ейиш мумкин?,Бир дона ҳам емайди,Битта,Иккита,Бешта,A
Оддий савол: Оч қоринга нечта тухум ейиш мумкин? Тўғри жавобни танланг.,Бир дона ҳам емайди,Бешта,Иккита,Битта,A
Эътибор билан ўқинг: Оч қоринга нечта тухум ейиш мумкин?,Иккита,Битта,Бешта,Бир дона ҳам емайди,D
Савол: Оч қоринга нечта тухум ейиш мумкин?,Иккита,Битта,Бир дона ҳам емайди,Бешта,C
Бир одам ухлаб қолди ва бошқа ҳеч қачон овқат емади. Нега?,Чунки у бой бўлган,Чунки овқат емади,Чунки у қайта уйғонмаган,Чунки тун эди,C
Жумбоқ: Бир одам ухлаб қолди ва бошқа ҳеч қачон овқат емади. Нега?,Чунки овқат емади,Чунки у қайта уйғонмаган,Чунки у бой бўлган,Чунки тун эди,B
Мантиқли савол: Бир одам ухлаб қолди ва бошқа ҳеч қачон овқат емади. Нега? Тўғри жавобни танланг.,Чунки у қайта уйғонмаган,Чунки тун эди,Чунки у бой бўлган,Чунки овқат емади,A
Топинг: Бир одам ухлаб қолди ва бошқа ҳеч қачон овқат емади. Нега?,Чунки у бой бўлган,Чунки у қайта уйғонмаган,Чунки овқат емади,Чунки тун эди,B
Қуйидаги саволга жавоб беринг: Бир одам ухлаб қолди ва бошқа ҳеч қачон овқат емади. Нега?,Чунки у қайта уйғонмаган,Чунки у бой бўлган,Чунки овқат емади,Чунки тун эди,A
Ўйлаб кўринг: Бир одам ухлаб қолди ва бошқа ҳеч қачон овқат емади. Нега?,Чунки овқат емади,Чунки тун эди,Чунки у қайта уйғонмаган,Чунки у бой бўлган,C
Тезкор савол: Бир одам ухлаб қолди ва бошқа ҳеч қачон овқат емади. Нега?,Чунки тун эди,Чунки у қайта уйғонмаган,Чунки у бой бўлган,Чунки овқат емади,B
Оддий савол: Бир одам ухлаб қолди ва бошқа ҳеч қачон овқат емади. Нега? Тўғри жавобни танланг.,Чунки у қайта уйғонмаган,Чунки у бой бўлган,Чунки тун эди,Чунки овқат емади,A
Эътибор билан ўқинг: Бир одам ухлаб қолди ва бошқа ҳеч қачон овқат емади. Нега?,Чунки овқат емади,Чунки у бой бўлган,Чунки тун эди,Чунки у қайта уйғонмаган,D
Савол: Бир одам ухлаб қолди ва бошқа ҳеч қачон овқат емади. Нега?,Чунки у бой бўлган,Чунки у қайта уйғонмаган,Чунки овқат емади,Чунки тун эди,B
"Қора ва оқ уйлари бор, лекин одам яшамайди. Бу нима?",Қуёш,Гилам,Шахмат тахтаси,Дафтар,C
"Жумбоқ: Қора ва оқ уйлари бор, лекин одам яшамайди. Нима деб ўйлайсиз?",Шахмат тахтаси,Қуёш,Гилам,Дафтар,A
"Мантиқли савол: Қора ва оқ уйлари бор, лекин одам яшамайди. Тўғри жавобни топинг.",Шахмат тахтаси,Дафтар,Қуёш,Гилам,A
"Топинг: Қора ва оқ уйлари бор, лекин одам яшамайди. Жавоб қайси?",Гилам,Қуёш,Шахмат тахтаси,Дафтар,C
"Қуйидаги саволга жавоб беринг: Қора ва оқ уйлари бор, лекин одам яшамайди. Қайси жавоб тўғри?",Шахмат тахтаси,Дафтар,Қуёш,Гилам,A
"Ўйлаб кўринг: Қора ва оқ уйлари бор, лекин одам яшамайди. Бу нима?",Дафтар,Гилам,Қуёш,Шахмат тахтаси,D
"Тезкор савол: Қора ва оқ уйлари бор, лекин одам яшамайди. Нима деб ўйлайсиз?",Дафтар,Гилам,Қуёш,Шахмат тахтаси,D
"Оддий савол: Қора ва оқ уйлари бор, лекин одам яшамайди. Тўғри жавобни топинг.",Қуёш,Гилам,Шахмат тахтаси,Дафтар,C
"Эътибор билан ўқинг: Қора ва оқ уйлари бор, лекин одам яшамайди. Жавоб қайси?",Дафтар,Қуёш,Шахмат тахтаси,Гилам,C
"Савол: Қора ва оқ уйлари бор, лекин одам яшамайди. Қайси жавоб тўғри?",Қуёш,Дафтар,Шахмат тахтаси,Гилам,C
"Сувни шимади, лекин идиш эмас. Бу нима?",Қоғоз,Лой,Тош,Губка,D
"Жумбоқ: Сувни шимади, лекин идиш эмас. Нима деб ўйлайсиз?",Қоғоз,Губка,Тош,Лой,B
"Мантиқли савол: Сувни шимади, лекин идиш эмас. Тўғри жавобни топинг.",Губка,Тош,Қоғоз,Лой,A
"Топинг: Сувни шимади, лекин идиш эмас. Жавоб қайси?",Лой,Қоғоз,Тош,Губка,D
"Қуйидаги саволга жавоб беринг: Сувни шимади, лекин идиш эмас. Қайси жавоб тўғри?",Тош,Лой,Қоғоз,Губка,D
"Ўйлаб кўринг: Сувни шимади, лекин идиш эмас. Бу нима?",Қоғоз,Тош,Лой,Губка,D
"Тезкор савол: Сувни шимади, лекин идиш эмас. Нима деб ўйлайсиз?",Тош,Губка,Лой,Қоғоз,B
"Оддий савол: Сувни шимади, лекин идиш эмас. Тўғри жавобни топинг.",Қоғоз,Тош,Лой,Губка,D
"Эътибор билан ўқинг: Сувни шимади, лекин идиш эмас. Жавоб қайси?",Лой,Қоғоз,Тош,Губка,D
"Савол: Сувни шимади, лекин идиш эмас. Қайси жавоб тўғри?",Қоғоз,Лой,Губка,Тош,C
Бўш шишанинг ичида нима бўлади?,Шишадаги ҳаво,Ёруғлик,Сув,Тош,A
Жумбоқ: Бўш шишанинг ичида нима бўлади?,Тош,Шишадаги ҳаво,Сув,Ёруғлик,B
Мантиқли савол: Бўш шишанинг ичида нима бўлади? Тўғри жавобни танланг.,Шишадаги ҳаво,Ёруғлик,Тош,Сув,A
Топинг: Бўш шишанинг ичида нима бўлади?,Тош,Сув,Ёруғлик,Шишадаги ҳаво,D
Қуйидаги саволга жавоб беринг: Бўш шишанинг ичида нима бўлади?,Ёруғлик,Шишадаги ҳаво,Тош,Сув,B
Ўйлаб кўринг: Бўш шишанинг ичида нима бўлади?,Тош,Сув,Ёруғлик,Шишадаги ҳаво,D
Тезкор савол: Бўш шишанинг ичида нима бўлади?,Шишадаги ҳаво,Сув,Тош,Ёруғлик,A
Оддий савол: Бўш шишанинг ичида нима бўлади? Тўғри жавобни танланг.,Сув,Тош,Шишадаги ҳаво,Ёруғлик,C
Эътибор билан ўқинг: Бўш шишанинг ичида нима бўлади?,Тош,Шишадаги ҳаво,Сув,Ёруғлик,B
Савол: Бўш шишанинг ичида нима бўлади?,Сув,Ёруғлик,Шишадаги ҳаво,Тош,C
"Қайси нарсанинг саҳифалари бор, лекин дарахт эмас?",Пиёла,Ойна,Телефон,Китоб,D
"Жумбоқ: Қайси нарсанинг саҳифалари бор, лекин дарахт эмас?",Ойна,Телефон,Пиёла,Китоб,D
"Мантиқли савол: Қайси нарсанинг саҳифалари бор, лекин дарахт эмас? Тўғри жавобни танланг.",Ойна,Телефон,Пиёла,Китоб,D
"Топинг: Қайси нарсанинг саҳифалари бор, лекин дарахт эмас?",Ойна,Китоб,Телефон,Пиёла,B
"Қуйидаги саволга жавоб беринг: Қайси нарсанинг саҳифалари бор, лекин дарахт эмас?",Пиёла,Китоб,Телефон,Ойна,B
"Ўйлаб кўринг: Қайси нарсанинг саҳифалари бор, лекин дарахт эмас?",Телефон,Китоб,Ойна,Пиёла,B
"Тезкор савол: Қайси нарсанинг саҳифалари бор, лекин дарахт эмас?",Пиёла,Телефон,Китоб,Ойна,C
"Оддий савол: Қайси нарсанинг саҳифалари бор, лекин дарахт эмас? Тўғри жавобни танланг.",Пиёла,Ойна,Китоб,Телефон,C
"Эътибор билан ўқинг: Қайси нарсанинг саҳифалари бор, лекин дарахт эмас?",Пиёла,Ойна,Китоб,Телефон,C
"Савол: Қайси нарсанинг саҳифалари бор, лекин дарахт эмас?",Пиёла,Китоб,Телефон,Ойна,B
Қайси қўл билан чойни аралаштириш яхшироқ: чап ёки ўнг?,Иккаласи ҳам,Фақат ўнги,Фақат чапи,Ҳеч бири,A
Жумбоқ: Қайси қўл билан чойни аралаштириш яхшироқ: чап ёки ўнг?,Фақат чапи,Ҳеч бири,Фақат ўнги,Иккаласи ҳам,D
Мантиқли савол: Қайси қўл билан чойни аралаштириш яхшироқ: чап ёки ўнг? Тўғри жавобни танланг.,Иккаласи ҳам,Фақат чапи,Фақат ўнги,Ҳеч бири,A
Топинг: Қайси қўл билан чойни аралаштириш яхшироқ: чап ёки ўнг?,Ҳеч бири,Фақат ўнги,Фақат чапи,Иккаласи ҳам,D
Қуйидаги саволга жавоб беринг: Қайси қўл билан чойни аралаштириш яхшироқ: чап ёки ўнг?,Иккаласи ҳам,Фақат чапи,Ҳеч бири,Фақат ўнги,A
Ўйлаб кўринг: Қайси қўл билан чойни аралаштириш яхшироқ: чап ёки ўнг?,Фақат ўнги,Фақат чапи,Иккаласи ҳам,Ҳеч бири,C
Тезкор савол: Қайси қўл билан чойни аралаштириш яхшироқ: чап ёки ўнг?,Фақат ўнги,Фақат чапи,Иккаласи ҳам,Ҳеч бири,C
Оддий савол: Қайси қўл билан чойни аралаштириш яхшироқ: чап ёки ўнг? Тўғри жавобни танланг.,Фақат ўнги,Ҳеч бири,Иккаласи ҳам,Фақат чапи,C
Эътибор билан ўқинг: Қайси қўл билан чойни аралаштириш яхшироқ: чап ёки ўнг?,Фақат ўнги,Иккаласи ҳам,Ҳеч бири,Фақат чапи,B
Савол: Қайси қўл билан чойни аралаштириш яхшироқ: чап ёки ўнг?,Фақат ўнги,Иккаласи ҳам,Фақат чапи,Ҳеч бири,B
"Нима келади, лекин қадам ташламайди?",Туш,Кеч,Тонг,Ёмғир,C
"Жумбоқ: Нима келади, лекин қадам ташламайди?",Туш,Тонг,Ёмғир,Кеч,B
"Мантиқли савол: Нима келади, лекин қадам ташламайди? Тўғри жавобни танланг.",Туш,Тонг,Кеч,Ёмғир,B
"Топинг: Нима келади, лекин қадам ташламайди?",Туш,Ёмғир,Тонг,Кеч,C
"Қуйидаги саволга жавоб беринг: Нима келади, лекин қадам ташламайди?",Кеч,Тонг,Туш,Ёмғир,B
"Ўйлаб кўринг: Нима келади, лекин қадам ташламайди?",Кеч,Туш,Ёмғир,Тонг,D
"Тезкор савол: Нима келади, лекин қадам ташламайди?",Туш,Кеч,Тонг,Ёмғир,C
"Оддий савол: Нима келади, лекин қадам ташламайди? Тўғри жавобни танланг.",Кеч,Ёмғир,Тонг,Туш,C
"Эътибор билан ўқинг: Нима келади, лекин қадам ташламайди?",Ёмғир,Тонг,Туш,Кеч,B
"Савол: Нима келади, лекин қадам ташламайди?",Кеч,Туш,Тонг,Ёмғир,C
Ҳеч нарсани билдирадиган рақам қайси?,Икки,Бир,Ноль,Ўн,C
Жумбоқ: Ҳеч нарсани билдирадиган рақам қайси?,Ноль,Ўн,Бир,Икки,A
Мантиқли савол: Ҳеч нарсани билдирадиган рақам қайси? Тўғри жавобни танланг.,Ноль,Ўн,Бир,Икки,A
Топинг: Ҳеч нарсани билдирадиган рақам қайси?,Ноль,Бир,Ўн,Икки,A
Қуйидаги саволга жавоб беринг: Ҳеч нарсани билдирадиган рақам қайси?,Икки,Бир,Ноль,Ўн,C
Ўйлаб кўринг: Ҳеч нарсани билдирадиган рақам қайси?,Ўн,Бир,Ноль,Икки,C
Тезкор савол: Ҳеч нарсани билдирадиган рақам қайси?,Ўн,Ноль,Бир,Икки,B
Оддий савол: Ҳеч нарсани билдирадиган рақам қайси? Тўғри жавобни танланг.,Ўн,Ноль,Икки,Бир,B
Эътибор билан ўқинг: Ҳеч нарсани билдирадиган рақам қайси?,Ўн,Икки,Бир,Ноль,D
Савол: Ҳеч нарсани билдирадиган рақам қайси?,Бир,Ўн,Ноль,Икки,C
Қачон зонтнинг энг керак эмас пайти?,Шамолда,Қор ёғганда,Ямғир ёғмаётган пайт,Тунда,C
Жумбоқ: Қачон зонтнинг энг керак эмас пайти?,Ямғир ёғмаётган пайт,Тунда,Шамолда,Қор ёғганда,A
Мантиқли савол: Қачон зонтнинг энг керак эмас пайти? Тўғри жавобни танланг.,Ямғир ёғмаётган пайт,Шамолда,Қор ёғганда,Тунда,A
Топинг: Қачон зонтнинг энг керак эмас пайти?,Тунда,Қор ёғганда,Ямғир ёғмаётган пайт,Шамолда,C
Қуйидаги саволга жавоб беринг: Қачон зонтнинг энг керак эмас пайти?,Тунда,Шамолда,Ямғир ёғмаётган пайт,Қор ёғганда,C
Ўйлаб кўринг: Қачон зонтнинг энг керак эмас пайти?,Шамолда,Ямғир ёғмаётган пайт,Тунда,Қор ёғганда,B
Тезкор савол: Қачон зонтнинг энг керак эмас пайти?,Қор ёғганда,Тунда,Шамолда,Ямғир ёғмаётган пайт,D
Оддий савол: Қачон зонтнинг энг керак эмас пайти? Тўғри жавобни танланг.,Тунда,Шамолда,Қор ёғганда,Ямғир ёғмаётган пайт,D
Эътибор билан ўқинг: Қачон зонтнинг энг керак эмас пайти?,Шамолда,Тунда,Ямғир ёғмаётган пайт,Қор ёғганда,C
Савол: Қачон зонтнинг энг керак эмас пайти?,Тунда,Қор ёғганда,Шамолда,Ямғир ёғмаётган пайт,D
Нега балиқ дарс бермайди?,Чунки у ухлаётган,Чунки сув совуқ,Чунки балиқ гапирмайди,Чунки қуёш чиққан,C
Жумбоқ: Нега балиқ дарс бермайди?,Чунки сув совуқ,Чунки қуёш чиққан,Чунки балиқ гапирмайди,Чунки у ухлаётган,C
Мантиқли савол: Нега балиқ дарс бермайди? Тўғри жавобни танланг.,Чунки сув совуқ,Чунки қуёш чиққан,Чунки балиқ гапирмайди,Чунки у ухлаётган,C
Топинг: Нега балиқ дарс бермайди?,Чунки балиқ гапирмайди,Чунки сув совуқ,Чунки у ухлаётган,Чунки қуёш чиққан,A
Қуйидаги саволга жавоб беринг: Нега балиқ дарс бермайди?,Чунки у ухлаётган,Чунки сув совуқ,Чунки қуёш чиққан,Чунки балиқ гапирмайди,D
Ўйлаб кўринг: Нега балиқ дарс бермайди?,Чунки у ухлаётган,Чунки қуёш чиққан,Чунки балиқ гапирмайди,Чунки сув совуқ,C
Тезкор савол: Нега балиқ дарс бермайди?,Чунки у ухлаётган,Чунки қуёш чиққан,Чунки балиқ гапирмайди,Чунки сув совуқ,C
Оддий савол: Нега балиқ дарс бермайди? Тўғри жавобни танланг.,Чунки балиқ гапирмайди,Чунки у ухлаётган,Чунки сув совуқ,Чунки қуёш чиққан,A
Эътибор билан ўқинг: Нега балиқ дарс бермайди?,Чунки қуёш чиққан,Чунки сув совуқ,Чунки балиқ гапирмайди,Чунки у ухлаётган,C
Савол: Нега балиқ дарс бермайди?,Чунки қуёш чиққан,Чунки балиқ гапирмайди,Чунки сув совуқ,Чунки у ухлаётган,B
Нега болға деворга тирмашмайди?,Чунки у оғир,Чунки у тирноқ эмас,Чунки у ухлайди,Чунки у тез эмас,B
Жумбоқ: Нега болға деворга тирмашмайди?,Чунки у оғир,Чунки у тез эмас,Чунки у ухлайди,Чунки у тирноқ эмас,D
Мантиқли савол: Нега болға деворга тирмашмайди? Тўғри жавобни танланг.,Чунки у тирноқ эмас,Чунки у оғир,Чунки у тез эмас,Чунки у ухлайди,A
Топинг: Нега болға деворга тирмашмайди?,Чунки у тез эмас,Чунки у ухлайди,Чунки у оғир,Чунки у тирноқ эмас,D
Қуйидаги саволга жавоб беринг: Нега болға деворга тирмашмайди?,Чунки у оғир,Чунки у ухлайди,Чунки у тирноқ эмас,Чунки у тез эмас,C
Ўйлаб кўринг: Нега болға деворга тирмашмайди?,Чунки у тирноқ эмас,Чунки у тез эмас,Чунки у оғир,Чунки у ухлайди,A
Тезкор савол: Нега болға деворга тирмашмайди?,Чунки у тез эмас,Чунки у ухлайди,Чунки у оғир,Чунки у тирноқ эмас,D
Оддий савол: Нега болға деворга тирмашмайди? Тўғри жавобни танланг.,Чунки у оғир,Чунки у ухлайди,Чунки у тирноқ эмас,Чунки у тез эмас,C
Эътибор билан ўқинг: Нега болға деворга тирмашмайди?,Чунки у тез эмас,Чунки у ухлайди,Чунки у тирноқ эмас,Чунки у оғир,C
Савол: Нега болға деворга тирмашмайди?,Чунки у тез эмас,Чунки у тирноқ эмас,Чунки у ухлайди,Чунки у оғир,B
Нега соя чанқамайди?,Чунки идиш бўш,Чунки соя сув ичмайди,Чунки у қорқади,Чунки кун иссиқ,B
Жумбоқ: Нега соя чанқамайди?,Чунки у қорқади,Чунки соя сув ичмайди,Чунки идиш бўш,Чунки кун иссиқ,B
Мантиқли савол: Нега соя чанқамайди? Тўғри жавобни танланг.,Чунки идиш бўш,Чунки кун иссиқ,Чунки соя сув ичмайди,Чунки у қорқади,C
Топинг: Нега соя чанқамайди?,Чунки у қорқади,Чунки соя сув ичмайди,Чунки идиш бўш,Чунки кун иссиқ,B
Қуйидаги саволга жавоб беринг: Нега соя чанқамайди?,Чунки соя сув ичмайди,Чунки кун иссиқ,Чунки идиш бўш,Чунки у қорқади,A
Ўйлаб кўринг: Нега соя чанқамайди?,Чунки кун иссиқ,Чунки соя сув ичмайди,Чунки идиш бўш,Чунки у қорқади,B
Тезкор савол: Нега соя чанқамайди?,Чунки у қорқади,Чунки кун иссиқ,Чунки идиш бўш,Чунки соя сув ичмайди,D
Оддий савол: Нега соя чанқамайди? Тўғри жавобни танланг.,Чунки идиш бўш,Чунки кун иссиқ,Чунки у қорқади,Чунки соя сув ичмайди,D
Эътибор билан ўқинг: Нега соя чанқамайди?,Чунки идиш бўш,Чунки у қорқади,Чунки соя сув ичмайди,Чунки кун иссиқ,C
Савол: Нега соя чанқамайди?,Чунки идиш бўш,Чунки соя сув ичмайди,Чунки кун иссиқ,Чунки у қорқади,B
Нега стол юролмайди?,Чунки у тирик эмас,Чунки у катта,Чунки у ғамгин,Чунки у бой,A
Жумбоқ: Нега стол юролмайди?,Чунки у тирик эмас,Чунки у бой,Чунки у катта,Чунки у ғамгин,A
Мантиқли савол: Нега стол юролмайди? Тўғри жавобни танланг.,Чунки у бой,Чунки у ғамгин,Чунки у тирик эмас,Чунки у катта,C
Топинг: Нега стол юролмайди?,Чунки у катта,Чунки у ғамгин,Чунки у бой,Чунки у тирик эмас,D
Қуйидаги саволга жавоб беринг: Нега стол юролмайди?,Чунки у катта,Чунки у тирик эмас,Чунки у бой,Чунки у ғамгин,B
Ўйлаб кўринг: Нега стол юролмайди?,Чунки у бой,Чунки у катта,Чунки у ғамгин,Чунки у тирик эмас,D
Тезкор савол: Нега стол юролмайди?,Чунки у ғамгин,Чунки у тирик эмас,Чунки у бой,Чунки у катта,B
Оддий савол: Нега стол юролмайди? Тўғри жавобни танланг.,Чунки у тирик эмас,Чунки у бой,Чунки у ғамгин,Чунки у катта,A
Эътибор билан ўқинг: Нега стол юролмайди?,Чунки у ғамгин,Чунки у бой,Чунки у катта,Чунки у тирик эмас,D
Савол: Нега стол юролмайди?,Чунки у тирик эмас,Чунки у катта,Чунки у ғамгин,Чунки у бой,A
Нега тош учмайди?,Чунки ҳаво совуқ,Чунки йўл узоқ,Чунки у парранда эмас,Чунки кеч бўлган,C
Жумбоқ: Нега тош учмайди?,Чунки кеч бўлган,Чунки ҳаво совуқ,Чунки йўл узоқ,Чунки у парранда эмас,D
Мантиқли савол: Нега тош учмайди? Тўғри жавобни танланг.,Чунки у парранда эмас,Чунки ҳаво совуқ,Чунки кеч бўлган,Чунки йўл узоқ,A
Топинг: Нега тош учмайди?,Чунки ҳаво совуқ,Чунки кеч бўлган,Чунки йўл узоқ,Чунки у парранда эмас,D
Қуйидаги саволга жавоб беринг: Нега тош учмайди?,Чунки ҳаво совуқ,Чунки у парранда эмас,Чунки йўл узоқ,Чунки кеч бўлган,B
Ўйлаб кўринг: Нега тош учмайди?,Чунки йўл узоқ,Чунки у парранда эмас,Чунки ҳаво совуқ,Чунки кеч бўлган,B
Тезкор савол: Нега тош учмайди?,Чунки у парранда эмас,Чунки йўл узоқ,Чунки ҳаво совуқ,Чунки кеч бўлган,A
Оддий савол: Нега тош учмайди? Тўғри жавобни танланг.,Чунки ҳаво совуқ,Чунки йўл узоқ,Чунки кеч бўлган,Чунки у парранда эмас,D
Эътибор билан ўқинг: Нега тош учмайди?,Чунки у парранда эмас,Чунки йўл узоқ,Чунки кеч бўлган,Чунки ҳаво совуқ,A
Савол: Нега тош учмайди?,Чунки кеч бўлган,Чунки йўл узоқ,Чунки у парранда эмас,Чунки ҳаво совуқ,C
Нега дарахт сузмайди?,Чунки у балиқ эмас,Чунки у тез,Чунки у ухлайди,Чунки у ёш,A
Жумбоқ: Нега дарахт сузмайди?,Чунки у тез,Чунки у ёш,Чунки у балиқ эмас,Чунки у ухлайди,C
Мантиқли савол: Нега дарахт сузмайди? Тўғри жавобни танланг.,Чунки у балиқ эмас,Чунки у ёш,Чунки у ухлайди,Чунки у тез,A
Топинг: Нега дарахт сузмайди?,Чунки у тез,Чунки у балиқ эмас,Чунки у ухлайди,Чунки у ёш,B
Қуйидаги саволга жавоб беринг: Нега дарахт сузмайди?,Чунки у тез,Чунки у балиқ эмас,Чунки у ухлайди,Чунки у ёш,B
Ўйлаб кўринг: Нега дарахт сузмайди?,Чунки у ухлайди,Чунки у балиқ эмас,Чунки у ёш,Чунки у тез,B
Тезкор савол: Нега дарахт сузмайди?,Чунки у ухлайди,Чунки у ёш,Чунки у балиқ эмас,Чунки у тез,C
Оддий савол: Нега дарахт сузмайди? Тўғри жавобни танланг.,Чунки у тез,Чунки у ухлайди,Чунки у балиқ эмас,Чунки у ёш,C
Эътибор билан ўқинг: Нега дарахт сузмайди?,Чунки у балиқ эмас,Чунки у ухлайди,Чунки у тез,Чунки у ёш,A
Савол: Нега дарахт сузмайди?,Чунки у балиқ эмас,Чунки у тез,Чунки у ухлайди,Чунки у ёш,A
Нега шам нон емайди?,Чунки кечаси эмас,Чунки шам овқат емайди,Чунки совуқ,Чунки уйқуси келган,B
Жумбоқ: Нега шам нон емайди?,Чунки уйқуси келган,Чунки шам овқат емайди,Чунки кечаси эмас,Чунки совуқ,B
Мантиқли савол: Нега шам нон емайди? Тўғри жавобни танланг.,Чунки совуқ,Чунки шам овқат емайди,Чунки кечаси эмас,Чунки уйқуси келган,B
Топинг: Нега шам нон емайди?,Чунки шам овқат емайди,Чунки совуқ,Чунки кечаси эмас,Чунки уйқуси келган,A
Қуйидаги саволга жавоб беринг: Нега шам нон емайди?,Чунки кечаси эмас,Чунки шам овқат емайди,Чунки совуқ,Чунки уйқуси келган,B
Ўйлаб кўринг: Нега шам нон емайди?,Чунки шам овқат емайди,Чунки уйқуси келган,Чунки кечаси эмас,Чунки совуқ,A
Тезкор савол: Нега шам нон емайди?,Чунки совуқ,Чунки шам овқат емайди,Чунки кечаси эмас,Чунки уйқуси келган,B
Оддий савол: Нега шам нон емайди? Тўғри жавобни танланг.,Чунки уйқуси келган,Чунки шам овқат емайди,Чунки совуқ,Чунки кечаси эмас,B
Эътибор билан ўқинг: Нега шам нон емайди?,Чунки уйқуси келган,Чунки кечаси эмас,Чунки совуқ,Чунки шам овқат емайди,D
Савол: Нега шам нон емайди?,Чунки шам овқат емайди,Чунки совуқ,Чунки уйқуси келган,Чунки кечаси эмас,A
Нега қуёш дам олмайди?,Чунки ҳаво иссиқ,Чунки у катта,Чунки осмон яқин,Чунки қуёш чарчамайди,D
Жумбоқ: Нега қуёш дам олмайди?,Чунки қуёш чарчамайди,Чунки ҳаво иссиқ,Чунки у катта,Чунки осмон яқин,A
Мантиқли савол: Нега қуёш дам олмайди? Тўғри жавобни танланг.,Чунки у катта,Чунки қуёш чарчамайди,Чунки ҳаво иссиқ,Чунки осмон яқин,B
Топинг: Нега қуёш дам олмайди?,Чунки у катта,Чунки қуёш чарчамайди,Чунки осмон яқин,Чунки ҳаво иссиқ,B
Қуйидаги саволга жавоб беринг: Нега қуёш дам олмайди?,Чунки қуёш чарчамайди,Чунки осмон яқин,Чунки у катта,Чунки ҳаво иссиқ,A
Ўйлаб кўринг: Нега қуёш дам олмайди?,Чунки қуёш чарчамайди,Чунки осмон яқин,Чунки у катта,Чунки ҳаво иссиқ,A
Тезкор савол: Нега қуёш дам олмайди?,Чунки у катта,Чунки ҳаво иссиқ,Чунки осмон яқин,Чунки қуёш чарчамайди,D
Оддий савол: Нега қуёш дам олмайди? Тўғри жавобни танланг.,Чунки у катта,Чунки осмон яқин,Чунки ҳаво иссиқ,Чунки қуёш чарчамайди,D
Эътибор билан ўқинг: Нега қуёш дам олмайди?,Чунки ҳаво иссиқ,Чунки қуёш чарчамайди,Чунки у катта,Чунки осмон яқин,B
Савол: Нега қуёш дам олмайди?,Чунки қуёш чарчамайди,Чунки у катта,Чунки осмон яқин,Чунки ҳаво иссиқ,A
Нега ой ош емайди?,Чунки тун қоронғи,Чунки у совуқ,Чунки осмон баланд,Чунки ой овқат емайди,D
Жумбоқ: Нега ой ош емайди?,Чунки тун қоронғи,Чунки осмон баланд,Чунки ой овқат емайди,Чунки у совуқ,C
Мантиқли савол: Нега ой ош емайди? Тўғри жавобни танланг.,Чунки ой овқат емайди,Чунки у совуқ,Чунки тун қоронғи,Чунки осмон баланд,A
Топинг: Нега ой ош емайди?,Чунки тун қоронғи,Чунки ой овқат емайди,Чунки у совуқ,Чунки осмон баланд,B
Қуйидаги саволга жавоб беринг: Нега ой ош емайди?,Чунки осмон баланд,Чунки тун қоронғи,Чунки ой овқат емайди,Чунки у совуқ,C
Ўйлаб кўринг: Нега ой ош емайди?,Чунки осмон баланд,Чунки у совуқ,Чунки тун қоронғи,Чунки ой овқат емайди,D
Тезкор савол: Нега ой ош емайди?,Чунки тун қоронғи,Чунки у совуқ,Чунки осмон баланд,Чунки ой овқат емайди,D
Оддий савол: Нега ой ош емайди? Тўғри жавобни танланг.,Чунки ой овқат емайди,Чунки осмон баланд,Чунки тун қоронғи,Чунки у совуқ,A
Эътибор билан ўқинг: Нега ой ош емайди?,Чунки у совуқ,Чунки тун қоронғи,Чунки ой овқат емайди,Чунки осмон баланд,C
Савол: Нега ой ош емайди?,Чунки осмон баланд,Чунки ой овқат емайди,Чунки тун қоронғи,Чунки у совуқ,B
Нега дарё кроссовка киймайди?,Чунки дарё оёқ билан юрмайди,Чунки тоғ баланд,Чунки сув совуқ,Чунки тун эди,A
Жумбоқ: Нега дарё кроссовка киймайди?,Чунки тун эди,Чунки тоғ баланд,Чунки дарё оёқ билан юрмайди,Чунки сув совуқ,C
Мантиқли савол: Нега дарё кроссовка киймайди? Тўғри жавобни танланг.,Чунки тоғ баланд,Чунки тун эди,Чунки сув совуқ,Чунки дарё оёқ билан юрмайди,D
Топинг: Нега дарё кроссовка киймайди?,Чунки сув совуқ,Чунки тун эди,Чунки тоғ баланд,Чунки дарё оёқ билан юрмайди,D
Қуйидаги саволга жавоб беринг: Нега дарё кроссовка киймайди?,Чунки тун эди,Чунки дарё оёқ билан юрмайди,Чунки сув совуқ,Чунки тоғ баланд,B
Ўйлаб кўринг: Нега дарё кроссовка киймайди?,Чунки тун эди,Чунки дарё оёқ билан юрмайди,Чунки сув совуқ,Чунки тоғ баланд,B
Тезкор савол: Нега дарё кроссовка киймайди?,Чунки дарё оёқ билан юрмайди,Чунки тоғ баланд,Чунки тун эди,Чунки сув совуқ,A
Оддий савол: Нега дарё кроссовка киймайди? Тўғри жавобни танланг.,Чунки сув совуқ,Чунки тоғ баланд,Чунки дарё оёқ билан юрмайди,Чунки тун эди,C
Эътибор билан ўқинг: Нега дарё кроссовка киймайди?,Чунки сув совуқ,Чунки тун эди,Чунки дарё оёқ билан юрмайди,Чунки тоғ баланд,C
Савол: Нега дарё кроссовка киймайди?,Чунки тоғ баланд,Чунки сув совуқ,Чунки дарё оёқ билан юрмайди,Чунки тун эди,C
Нега булут чой ичмайди?,Чунки булут чой ичмайди,Чунки осмон баланд,Чунки ёмғир ёққан,Чунки шамол эсган,A
Жумбоқ: Нега булут чой ичмайди?,Чунки осмон баланд,Чунки ёмғир ёққан,Чунки булут чой ичмайди,Чунки шамол эсган,C
Мантиқли савол: Нега булут чой ичмайди? Тўғри жавобни танланг.,Чунки ёмғир ёққан,Чунки булут чой ичмайди,Чунки шамол эсган,Чунки осмон баланд,B
Топинг: Нега булут чой ичмайди?,Чунки осмон баланд,Чунки шамол эсган,Чунки ёмғир ёққан,Чунки булут чой ичмайди,D
Қуйидаги саволга жавоб беринг: Нега булут чой ичмайди?,Чунки шамол эсган,Чунки булут чой ичмайди,Чунки осмон баланд,Чунки ёмғир ёққан,B
Ўйлаб кўринг: Нега булут чой ичмайди?,Чунки ёмғир ёққан,Чунки осмон баланд,Чунки булут чой ичмайди,Чунки шамол эсган,C
Тезкор савол: Нега булут чой ичмайди?,Чунки булут чой ичмайди,Чунки осмон баланд,Чунки ёмғир ёққан,Чунки шамол эсган,A
Оддий савол: Нега булут чой ичмайди? Тўғри жавобни танланг.,Чунки булут чой ичмайди,Чунки осмон баланд,Чунки ёмғир ёққан,Чунки шамол эсган,A
Эътибор билан ўқинг: Нега булут чой ичмайди?,Чунки шамол эсган,Чунки ёмғир ёққан,Чунки осмон баланд,Чунки булут чой ичмайди,D
Савол: Нега булут чой ичмайди?,Чунки осмон баланд,Чунки булут чой ичмайди,Чунки ёмғир ёққан,Чунки шамол эсган,B
Нега велосипед ўзи-ўзига юрмайди?,Чунки йўл узоқ,Чунки у мотор эмас,Чунки у чарчаган,Чунки ёмғир ёқди,B
Жумбоқ: Нега велосипед ўзи-ўзига юрмайди?,Чунки ёмғир ёқди,Чунки у мотор эмас,Чунки у чарчаган,Чунки йўл узоқ,B
Мантиқли савол: Нега велосипед ўзи-ўзига юрмайди? Тўғри жавобни танланг.,Чунки ёмғир ёқди,Чунки у мотор эмас,Чунки у чарчаган,Чунки йўл узоқ,B
Топинг: Нега велосипед ўзи-ўзига юрмайди?,Чунки ёмғир ёқди,Чунки у мотор эмас,Чунки у чарчаган,Чунки йўл узоқ,B
Қуйидаги саволга жавоб беринг: Нега велосипед ўзи-ўзига юрмайди?,Чунки ёмғир ёқди,Чунки у мотор эмас,Чунки йўл узоқ,Чунки у чарчаган,B
Ўйлаб кўринг: Нега велосипед ўзи-ўзига юрмайди?,Чунки ёмғир ёқди,Чунки у мотор эмас,Чунки йўл узоқ,Чунки у чарчаган,B
Тезкор савол: Нега велосипед ўзи-ўзига юрмайди?,Чунки йўл узоқ,Чунки у мотор эмас,Чунки ёмғир ёқди,Чунки у чарчаган,B
Оддий савол: Нега велосипед ўзи-ўзига юрмайди? Тўғри жавобни танланг.,Чунки у мотор эмас,Чунки ёмғир ёқди,Чунки у чарчаган,Чунки йўл узоқ,A
Эътибор билан ўқинг: Нега велосипед ўзи-ўзига юрмайди?,Чунки ёмғир ёқди,Чунки у чарчаган,Чунки у мотор эмас,Чунки йўл узоқ,C
Савол: Нега велосипед ўзи-ўзига юрмайди?,Чунки йўл узоқ,Чунки у мотор эмас,Чунки ёмғир ёқди,Чунки у чарчаган,B
Нега соат тушлик қилмайди?,Чунки уйғонмаган,Чунки вақт йўқ,Чунки соат овқат емайди,Чунки кеч бўлган,C
Жумбоқ: Нега соат тушлик қилмайди?,Чунки кеч бўлган,Чунки уйғонмаган,Чунки соат овқат емайди,Чунки вақт йўқ,C
Мантиқли савол: Нега соат тушлик қилмайди? Тўғри жавобни танланг.,Чунки соат овқат емайди,Чунки кеч бўлган,Чунки вақт йўқ,Чунки уйғонмаган,A
Топинг: Нега соат тушлик қилмайди?,Чунки соат овқат емайди,Чунки вақт йўқ,Чунки кеч бўлган,Чунки уйғонмаган,A
Қуйидаги саволга жавоб беринг: Нега соат тушлик қилмайди?,Чунки вақт йўқ,Чунки кеч бўлган,Чунки соат овқат емайди,Чунки уйғонмаган,C
Ўйлаб кўринг: Нега соат тушлик қилмайди?,Чунки кеч бўлган,Чунки вақт йўқ,Чунки уйғонмаган,Чунки соат овқат емайди,D
Тезкор савол: Нега соат тушлик қилмайди?,Чунки кеч бўлган,Чунки уйғонмаган,Чунки вақт йўқ,Чунки соат овқат емайди,D
Оддий савол: Нега соат тушлик қилмайди? Тўғри жавобни танланг.,Чунки уйғонмаган,Чунки вақт йўқ,Чунки соат овқат емайди,Чунки кеч бўлган,C
Эътибор билан ўқинг: Нега соат тушлик қилмайди?,Чунки вақт йўқ,Чунки соат овқат емайди,Чунки кеч бўлган,Чунки уйғонмаган,B
Савол: Нега соат тушлик қилмайди?,Чунки уйғонмаган,Чунки кеч бўлган,Чунки вақт йўқ,Чунки соат овқат емайди,D
Нега китоб салом бермайди?,Чунки у янги,Чунки у оғир,Чунки у ёпиқ,Чунки китоб гапирмайди,D
Жумбоқ: Нега китоб салом бермайди?,Чунки у ёпиқ,Чунки китоб гапирмайди,Чунки у янги,Чунки у оғир,B
Мантиқли савол: Нега китоб салом бермайди? Тўғри жавобни танланг.,Чунки у ёпиқ,Чунки китоб гапирмайди,Чунки у янги,Чунки у оғир,B
Топинг: Нега китоб салом бермайди?,Чунки китоб гапирмайди,Чунки у ёпиқ,Чунки у оғир,Чунки у янги,A
Қуйидаги саволга жавоб беринг: Нега китоб салом бермайди?,Чунки у ёпиқ,Чунки у янги,Чунки у оғир,Чунки китоб гапирмайди,D
Ўйлаб кўринг: Нега китоб салом бермайди?,Чунки у ёпиқ,Чунки у янги,Чунки китоб гапирмайди,Чунки у оғир,C
Тезкор савол: Нега китоб салом бермайди?,Чунки у оғир,Чунки у ёпиқ,Чунки китоб гапирмайди,Чунки у янги,C
Оддий савол: Нега китоб салом бермайди? Тўғри жавобни танланг.,Чунки у янги,Чунки у ёпиқ,Чунки китоб гапирмайди,Чунки у оғир,C
Эътибор билан ўқинг: Нега китоб салом бермайди?,Чунки китоб гапирмайди,Чунки у оғир,Чунки у янги,Чунки у ёпиқ,A
Савол: Нега китоб салом бермайди?,Чунки китоб гапирмайди,Чунки у ёпиқ,Чунки у янги,Чунки у оғир,A
Нега ойна бозорга бормайди?,Чунки ойна юрмайди,Чунки уй узоқ,Чунки эшик ёпиқ,Чунки шабада бор,A
Жумбоқ: Нега ойна бозорга бормайди?,Чунки шабада бор,Чунки уй узоқ,Чунки эшик ёпиқ,Чунки ойна юрмайди,D
Мантиқли савол: Нега ойна бозорга бормайди? Тўғри жавобни танланг.,Чунки шабада бор,Чунки эшик ёпиқ,Чунки уй узоқ,Чунки ойна юрмайди,D
Топинг: Нега ойна бозорга бормайди?,Чунки эшик ёпиқ,Чунки шабада бор,Чунки ойна юрмайди,Чунки уй узоқ,C
Қуйидаги саволга жавоб беринг: Нега ойна бозорга бормайди?,Чунки эшик ёпиқ,Чунки уй узоқ,Чунки ойна юрмайди,Чунки шабада бор,C
Ўйлаб кўринг: Нега ойна бозорга бормайди?,Чунки шабада бор,Чунки уй узоқ,Чунки ойна юрмайди,Чунки эшик ёпиқ,C
Тезкор савол: Нега ойна бозорга бормайди?,Чунки ойна юрмайди,Чунки шабада бор,Чунки уй узоқ,Чунки эшик ёпиқ,A
Оддий савол: Нега ойна бозорга бормайди? Тўғри жавобни танланг.,Чунки уй узоқ,Чунки эшик ёпиқ,Чунки шабада бор,Чунки ойна юрмайди,D
Эътибор билан ўқинг: Нега ойна бозорга бормайди?,Чунки ойна юрмайди,Чунки уй узоқ,Чунки шабада бор,Чунки эшик ёпиқ,A
Савол: Нега ойна бозорга бормайди?,Чунки ойна юрмайди,Чунки эшик ёпиқ,Чунки уй узоқ,Чунки шабада бор,A
"Нима борки, уни кўпроқ ишлатган сари камаяди?",Қум,Сабр,Чой,Йўл,B
"Жумбоқ: Нима борки, уни кўпроқ ишлатган сари камаяди?",Чой,Қум,Йўл,Сабр,D
"Мантиқли савол: Нима борки, уни кўпроқ ишлатган сари камаяди? Тўғри жавобни танланг.",Чой,Қум,Сабр,Йўл,C
"Топинг: Нима борки, уни кўпроқ ишлатган сари камаяди?",Йўл,Сабр,Чой,Қум,B
"Қуйидаги саволга жавоб беринг: Нима борки, уни кўпроқ ишлатган сари камаяди?",Сабр,Йўл,Қум,Чой,A
"Ўйлаб кўринг: Нима борки, уни кўпроқ ишлатган сари камаяди?",Чой,Сабр,Қум,Йўл,B
"Тезкор савол: Нима борки, уни кўпроқ ишлатган сари камаяди?",Йўл,Сабр,Қум,Чой,B
"Оддий савол: Нима борки, уни кўпроқ ишлатган сари камаяди? Тўғри жавобни танланг.",Йўл,Қум,Чой,Сабр,D
"Эътибор билан ўқинг: Нима борки, уни кўпроқ ишлатган сари камаяди?",Қум,Йўл,Чой,Сабр,D
"Савол: Нима борки, уни кўпроқ ишлатган сари камаяди?",Йўл,Сабр,Қум,Чой,B
"Қайси хонада эшик ҳам, дераза ҳам йўқ?",Ётоқхона,Ошхона,Қўзиқорин,Меҳмонхона,C
"Жумбоқ: Қайси хонада эшик ҳам, дераза ҳам йўқ?",Меҳмонхона,Ётоқхона,Қўзиқорин,Ошхона,C
"Мантиқли савол: Қайси хонада эшик ҳам, дераза ҳам йўқ? Тўғри жавобни танланг.",Меҳмонхона,Ётоқхона,Ошхона,Қўзиқорин,D
"Топинг: Қайси хонада эшик ҳам, дераза ҳам йўқ?",Меҳмонхона,Ётоқхона,Қўзиқорин,Ошхона,C
"Қуйидаги саволга жавоб беринг: Қайси хонада эшик ҳам, дераза ҳам йўқ?",Ошхона,Меҳмонхона,Қўзиқорин,Ётоқхона,C
"Ўйлаб кўринг: Қайси хонада эшик ҳам, дераза ҳам йўқ?",Ётоқхона,Қўзиқорин,Меҳмонхона,Ошхона,B
"Тезкор савол: Қайси хонада эшик ҳам, дераза ҳам йўқ?",Ётоқхона,Қўзиқорин,Ошхона,Меҳмонхона,B
"Оддий савол: Қайси хонада эшик ҳам, дераза ҳам йўқ? Тўғри жавобни танланг.",Ётоқхона,Ошхона,Меҳмонхона,Қўзиқорин,D
"Эътибор билан ўқинг: Қайси хонада эшик ҳам, дераза ҳам йўқ?",Ётоқхона,Ошхона,Қўзиқорин,Меҳмонхона,C
"Савол: Қайси хонада эшик ҳам, дераза ҳам йўқ?",Қўзиқорин,Меҳмонхона,Ошхона,Ётоқхона,A
Ким кўпроқ кўради: икки кўзли одамми ёки тўрт кўзли кўзойнакли одамми?,Иккаласи тенг,Тўрт кўзли одам,Ҳеч ким,Икки кўзли одам,D
Жумбоқ: Ким кўпроқ кўради: икки кўзли одамми ёки тўрт кўзли кўзойнакли одамми?,Иккаласи тенг,Ҳеч ким,Тўрт кўзли одам,Икки кўзли одам,D
Мантиқли савол: Ким кўпроқ кўради: икки кўзли одамми ёки тўрт кўзли кўзойнакли одамми? Тўғри жавобни танланг.,Тўрт кўзли одам,Иккаласи тенг,Икки кўзли одам,Ҳеч ким,C
Топинг: Ким кўпроқ кўради: икки кўзли одамми ёки тўрт кўзли кўзойнакли одамми?,Тўрт кўзли одам,Иккаласи тенг,Икки кўзли одам,Ҳеч ким,C
Қуйидаги саволга жавоб беринг: Ким кўпроқ кўради: икки кўзли одамми ёки тўрт кўзли кўзойнакли одамми?,Ҳеч ким,Иккаласи тенг,Тўрт кўзли одам,Икки кўзли одам,D
Ўйлаб кўринг: Ким кўпроқ кўради: икки кўзли одамми ёки тўрт кўзли кўзойнакли одамми?,Ҳеч ким,Тўрт кўзли одам,Икки кўзли одам,Иккаласи тенг,C
Тезкор савол: Ким кўпроқ кўради: икки кўзли одамми ёки тўрт кўзли кўзойнакли одамми?,Ҳеч ким,Икки кўзли одам,Иккаласи тенг,Тўрт кўзли одам,B
Оддий савол: Ким кўпроқ кўради: икки кўзли одамми ёки тўрт кўзли кўзойнакли одамми? Тўғри жавобни танланг.,Тўрт кўзли одам,Ҳеч ким,Иккаласи тенг,Икки кўзли одам,D
Эътибор билан ўқинг: Ким кўпроқ кўради: икки кўзли одамми ёки тўрт кўзли кўзойнакли одамми?,Икки кўзли одам,Иккаласи тенг,Ҳеч ким,Тўрт кўзли одам,A
Савол: Ким кўпроқ кўради: икки кўзли одамми ёки тўрт кўзли кўзойнакли одамми?,Ҳеч ким,Икки кўзли одам,Иккаласи тенг,Тўрт кўзли одам,B
Нима кўтарилса енгиллашади?,Чанг,Тош,Сув,Мих,A
Жумбоқ: Нима кўтарилса енгиллашади?,Мих,Сув,Чанг,Тош,C
Мантиқли савол: Нима кўтарилса енгиллашади? Тўғри жавобни танланг.,Сув,Мих,Чанг,Тош,C
Топинг: Нима кўтарилса енгиллашади?,Чанг,Мих,Тош,Сув,A
Қуйидаги саволга жавоб беринг: Нима кўтарилса енгиллашади?,Сув,Мих,Чанг,Тош,C
Ўйлаб кўринг: Нима кўтарилса енгиллашади?,Сув,Тош,Мих,Чанг,D
Тезкор савол: Нима кўтарилса енгиллашади?,Мих,Тош,Сув,Чанг,D
Оддий савол: Нима кўтарилса енгиллашади? Тўғри жавобни танланг.,Мих,Чанг,Сув,Тош,B
Эътибор билан ўқинг: Нима кўтарилса енгиллашади?,Сув,Чанг,Тош,Мих,B
Савол: Нима кўтарилса енгиллашади?,Чанг,Сув,Мих,Тош,A
"Нима доим олдинда, лекин ҳеч қачон келмайди?",Бугун,Кеча,Ўтмиш,Эрта,D
"Жумбоқ: Нима доим олдинда, лекин ҳеч қачон келмайди?",Кеча,Ўтмиш,Бугун,Эрта,D
"Мантиқли савол: Нима доим олдинда, лекин ҳеч қачон келмайди? Тўғри жавобни танланг.",Ўтмиш,Эрта,Кеча,Бугун,B
"Топинг: Нима доим олдинда, лекин ҳеч қачон келмайди?",Эрта,Кеча,Бугун,Ўтмиш,A
"Қуйидаги саволга жавоб беринг: Нима доим олдинда, лекин ҳеч қачон келмайди?",Кеча,Эрта,Ўтмиш,Бугун,B
"Ўйлаб кўринг: Нима доим олдинда, лекин ҳеч қачон келмайди?",Кеча,Бугун,Эрта,Ўтмиш,C
"Тезкор савол: Нима доим олдинда, лекин ҳеч қачон келмайди?",Бугун,Кеча,Ўтмиш,Эрта,D
"Оддий савол: Нима доим олдинда, лекин ҳеч қачон келмайди? Тўғри жавобни танланг.",Ўтмиш,Бугун,Эрта,Кеча,C
"Эътибор билан ўқинг: Нима доим олдинда, лекин ҳеч қачон келмайди?",Эрта,Кеча,Бугун,Ўтмиш,A
"Савол: Нима доим олдинда, лекин ҳеч қачон келмайди?",Эрта,Бугун,Кеча,Ўтмиш,A
Қайси нарса ўз жойида туриб ҳам айланиб юради?,Уй,Зина,Дарё,Ер,D
Жумбоқ: Қайси нарса ўз жойида туриб ҳам айланиб юради?,Зина,Уй,Ер,Дарё,C
Мантиқли савол: Қайси нарса ўз жойида туриб ҳам айланиб юради? Тўғри жавобни танланг.,Уй,Зина,Дарё,Ер,D
Топинг: Қайси нарса ўз жойида туриб ҳам айланиб юради?,Ер,Зина,Дарё,Уй,A
Қуйидаги саволга жавоб беринг: Қайси нарса ўз жойида туриб ҳам айланиб юради?,Уй,Ер,Дарё,Зина,B
Ўйлаб кўринг: Қайси нарса ўз жойида туриб ҳам айланиб юради?,Ер,Уй,Зина,Дарё,A
Тезкор савол: Қайси нарса ўз жойида туриб ҳам айланиб юради?,Зина,Дарё,Ер,Уй,C
Оддий савол: Қайси нарса ўз жойида туриб ҳам айланиб юради? Тўғри жавобни танланг.,Дарё,Зина,Уй,Ер,D
Эътибор билан ўқинг: Қайси нарса ўз жойида туриб ҳам айланиб юради?,Уй,Ер,Дарё,Зина,B
Савол: Қайси нарса ўз жойида туриб ҳам айланиб юради?,Уй,Ер,Зина,Дарё,B
